pehe,ate_hat,ate_true,ate_abs_error,ate_rel_error,bias,coverage_95,runtime_s,model,cohort,realization,execution_device,cate_runtime_s,ate_runtime_s,cate_best_params,ate_best_params,cate_seed,ate_seed,hpo_time_budget_s,ate_method
8892.267525828696,-7197.2251266724725,-6977.12744140625,220.09768526622247,0.031545601985098044,329.2239796355318,,186.5621391190216,CausalPFN (Foundation),cps,0,cpu,54.755083844065666,131.80705527495593,{},{},82719.0,82720,900.0,CausalPFNWrapper.estimate_ate
8899.618062751653,-8690.980079835677,-7082.3935546875,1608.5865251481773,0.2271247019422211,-1621.5510245614705,,105.97939593112096,CausalPFN (Foundation),cps,1,cpu,25.786865300964564,80.1925306301564,{},{},82729.0,82730,900.0,CausalPFNWrapper.estimate_ate
8948.758304265917,-4147.996442594722,-7037.5419921875,2889.545549592778,0.4105901681007954,223.79163932049167,,88.70217600092292,CausalPFN (Foundation),cps,2,cpu,17.1385713419877,71.56360465893522,{},{},82739.0,82740,900.0,CausalPFNWrapper.estimate_ate
8739.523932198676,-6106.065166354834,-7032.99267578125,926.9275094264158,0.1317970247028775,319.20360415722195,,134.9863997879438,CausalPFN (Foundation),cps,3,cpu,36.67640859214589,98.30999119579792,{},{},82749.0,82750,900.0,CausalPFNWrapper.estimate_ate
9369.506708993964,-5104.955229845147,-7018.77880859375,1913.8235787486028,0.2726718751134602,-1948.6204225693243,,83.82075428776443,CausalPFN (Foundation),cps,4,cpu,16.951747838873416,66.86900644889101,{},{},82759.0,82760,900.0,CausalPFNWrapper.estimate_ate
9067.932048581672,-5901.141347223577,-7084.69677734375,1183.5554301201728,0.16705802200362485,-454.0548733611588,,114.68018261808902,CausalPFN (Foundation),cps,5,cpu,18.372143627144396,96.30803899094462,{},{},82769.0,82770,900.0,CausalPFNWrapper.estimate_ate
9042.244616903003,-8003.907555436948,-7150.3271484375,853.5804069994483,0.11937641303374213,-195.62852208719917,,102.01670175883919,CausalPFN (Foundation),cps,6,cpu,35.00410900078714,67.01259275805205,{},{},82779.0,82780,900.0,CausalPFNWrapper.estimate_ate
9026.512845594118,-8236.506481129485,-7098.8935546875,1137.612926441985,0.16025214601072596,-55.526925966326175,,88.78396299900487,CausalPFN (Foundation),cps,7,cpu,17.445370025001466,71.3385929740034,{},{},82789.0,82790,900.0,CausalPFNWrapper.estimate_ate
9049.630235116178,-7620.1106461783465,-7091.86376953125,528.2468766470965,0.07448632599456534,220.272161379964,,147.5044957040809,CausalPFN (Foundation),cps,8,cpu,16.754560667090118,130.7499350369908,{},{},82799.0,82800,900.0,CausalPFNWrapper.estimate_ate
8673.89848061326,-7668.825490293472,-6980.4052734375,688.4202168559723,0.09862181204215004,-109.81638455226508,,93.80666161235422,CausalPFN (Foundation),cps,9,cpu,18.4764310172759,75.33023059507832,{},{},82809.0,82810,900.0,CausalPFNWrapper.estimate_ate
13599.598022815586,-12305.637717047797,-13856.3720703125,1550.7343532647028,0.11191488979904465,2821.7099757082933,,60.75451605813578,CausalPFN (Foundation),psid,0,cpu,15.960069510154426,44.79444654798135,{},{},92719.0,92720,900.0,CausalPFNWrapper.estimate_ate
12440.105972320624,-11663.821942376348,-13811.56640625,2147.7444638736524,0.15550332241100484,1227.2366932127873,,70.47415293194354,CausalPFN (Foundation),psid,1,cpu,35.07038102298975,35.403771908953786,{},{},92729.0,92730,900.0,CausalPFNWrapper.estimate_ate
12897.61294790819,-12759.814061406438,-13880.02734375,1120.2132823435622,0.08070684982095319,1828.1672756978464,,46.88622091896832,CausalPFN (Foundation),psid,2,cpu,22.0404956988059,24.84572522016242,{},{},92739.0,92740,900.0,CausalPFNWrapper.estimate_ate
12009.268787205183,-8301.059534941853,-13422.94140625,5121.881871308147,0.3815767137983242,2264.214874587134,,49.050467980094254,CausalPFN (Foundation),psid,3,cpu,25.373937566764653,23.6765304133296,{},{},92749.0,92750,900.0,CausalPFNWrapper.estimate_ate
15258.27573373502,-10668.998198253941,-13357.1513671875,2688.153168933559,0.2012519806831812,2069.461352556757,,49.151660833507776,CausalPFN (Foundation),psid,4,cpu,14.813783012330532,34.337877821177244,{},{},92759.0,92760,900.0,CausalPFNWrapper.estimate_ate
14781.289500508534,-6998.489822514314,-12922.82421875,5924.334396235686,0.4584396023614837,7801.432525611566,,42.84243881609291,CausalPFN (Foundation),psid,5,cpu,18.158009632956237,24.684429183136672,{},{},92769.0,92770,900.0,CausalPFNWrapper.estimate_ate
15736.73052387438,-9007.077905329788,-13823.197265625,4816.119360295212,0.34840849535355106,3867.263590456189,,61.21595318382606,CausalPFN (Foundation),psid,6,cpu,23.419604458846152,37.79634872497991,{},{},92779.0,92780,900.0,CausalPFNWrapper.estimate_ate
14799.823444265463,-9230.021628313249,-13007.2373046875,3777.2156763742514,0.2903933854585807,1539.8325874165055,,40.45868100691587,CausalPFN (Foundation),psid,7,cpu,16.470575290732086,23.98810571618378,{},{},92789.0,92790,900.0,CausalPFNWrapper.estimate_ate
13360.195337189087,-9724.24925461008,-13258.607421875,3534.3581672649198,0.26657084373966883,4102.777117419307,,49.427862672600895,CausalPFN (Foundation),psid,8,cpu,22.90906769456342,26.518794978037477,{},{},92799.0,92800,900.0,CausalPFNWrapper.estimate_ate
15094.400458106284,-12205.289319425436,-13162.4794921875,957.1901727620643,0.0727211140826066,336.5841911564569,,39.74396131420508,CausalPFN (Foundation),psid,9,cpu,15.651852394919842,24.092108919285238,{},{},92809.0,92810,900.0,CausalPFNWrapper.estimate_ate
12151.466887266944,-602.1706391068287,-6977.12744140625,6374.956802299421,0.9136936161517787,6508.571339703352,,364.9047455540858,Do-PFN (Foundation),cps,0,cpu,182.2688959450461,182.63584960903972,{},{},182719.0,182720,900.0,DoPFNWrapper.estimate_ate
11996.128473294155,-714.2839594109864,-7082.3935546875,6368.109595276514,0.8991465309143648,6254.794656745599,,308.2113168579526,Do-PFN (Foundation),cps,1,cpu,125.66134672472253,182.5499701332301,{},{},182729.0,182730,900.0,DoPFNWrapper.estimate_ate
11943.586189381607,-747.2850968949322,-7037.5419921875,6290.256895292568,0.8938144741823999,5995.754586230308,,311.8998151961714,Do-PFN (Foundation),cps,2,cpu,129.0782045130618,182.8216106831096,{},{},182739.0,182740,900.0,DoPFNWrapper.estimate_ate
11710.819809991925,-1120.240370338276,-7032.99267578125,5912.752305442974,0.8407164031032859,5865.075368193426,,278.2842648765072,Do-PFN (Foundation),cps,3,cpu,117.94619813375175,160.33806674275547,{},{},182749.0,182750,900.0,DoPFNWrapper.estimate_ate
12357.79805111427,-340.5293500507235,-7018.77880859375,6678.249458543027,0.9514831056303846,6764.023902050055,,273.38473172672093,Do-PFN (Foundation),cps,4,cpu,135.40308432281017,137.98164740391076,{},{},182759.0,182760,900.0,DoPFNWrapper.estimate_ate
11982.429300131196,-732.3571955448627,-7084.69677734375,6352.339581798888,0.8966282935501426,6413.599922697217,,299.9814694849774,Do-PFN (Foundation),cps,5,cpu,161.6236059293151,138.35786355566233,{},{},182769.0,182770,900.0,DoPFNWrapper.estimate_ate
11536.088101231639,-1483.422834586437,-7150.3271484375,5666.904313851063,0.792537767321804,5532.636387132382,,339.9843751983717,Do-PFN (Foundation),cps,6,cpu,161.4224592722021,178.5619159261696,{},{},182779.0,182780,900.0,DoPFNWrapper.estimate_ate
12187.249436379996,-617.0257198690418,-7098.8935546875,6481.8678348184585,0.9130814238691125,6368.082691818737,,300.79241340234876,Do-PFN (Foundation),cps,7,cpu,135.78788989409804,165.0045235082507,{},{},182789.0,182790,900.0,DoPFNWrapper.estimate_ate
12208.693274708447,-676.1173889583121,-7091.86376953125,6415.746380572938,0.9046629474367288,6567.655317502089,,300.4707537414506,Do-PFN (Foundation),cps,8,cpu,162.78788482770324,137.68286891374737,{},{},182799.0,182800,900.0,DoPFNWrapper.estimate_ate
11514.571745995805,-1173.0028929107768,-6980.4052734375,5807.402380526723,0.8319577664949172,5472.062336490432,,326.19233424402773,Do-PFN (Foundation),cps,9,cpu,166.24888265226036,159.94345159176737,{},{},182809.0,182810,900.0,DoPFNWrapper.estimate_ate
20956.390612202107,-1187.8257559485094,-13856.3720703125,12668.54631436399,0.9142758472470157,14162.08969714867,,199.74392363615334,Do-PFN (Foundation),psid,0,cpu,112.34580124402419,87.39812239212915,{},{},192719.0,192720,900.0,DoPFNWrapper.estimate_ate
19388.014650985257,-1656.6592558583395,-13811.56640625,12154.90715039166,0.8800527610599279,12651.361956113671,,173.42513053538278,Do-PFN (Foundation),psid,1,cpu,86.44110101927072,86.98402951611206,{},{},192729.0,192730,900.0,DoPFNWrapper.estimate_ate
20241.560830781884,-1479.7008437481502,-13880.02734375,12400.32650000185,0.8933935209844255,13181.74086881898,,169.3109702738002,Do-PFN (Foundation),psid,2,cpu,86.79098326107487,82.51998701272532,{},{},192739.0,192740,900.0,DoPFNWrapper.estimate_ate
18559.15736251645,-1907.036069066435,-13422.94140625,11515.905337183565,0.8579271106564572,12006.916215189038,,179.43288470385596,Do-PFN (Foundation),psid,3,cpu,95.02321728784591,84.40966741601005,{},{},192749.0,192750,900.0,DoPFNWrapper.estimate_ate
22246.48449034628,-245.2510003484474,-13357.1513671875,13111.900366839052,0.9816389742381196,11587.457312117467,,172.8162181810476,Do-PFN (Foundation),psid,4,cpu,87.02550098579377,85.79071719525382,{},{},192759.0,192760,900.0,DoPFNWrapper.estimate_ate
18970.878088107103,-1378.6023319130234,-12922.82421875,11544.221886836976,0.8933203525339519,11922.218211134941,,174.79762618336827,Do-PFN (Foundation),psid,5,cpu,90.03071532631293,84.76691085705534,{},{},192769.0,192770,900.0,DoPFNWrapper.estimate_ate
21871.194897216472,-2003.463280478961,-13823.197265625,11819.733985146038,0.8550651313159185,12866.959421280426,,176.88123641628772,Do-PFN (Foundation),psid,6,cpu,87.0334732690826,89.84776314720511,{},{},192779.0,192780,900.0,DoPFNWrapper.estimate_ate
19169.705570657654,-2063.4226662355377,-13007.2373046875,10943.814638451962,0.8413634949598141,8858.321722823459,,183.77639150014147,Do-PFN (Foundation),psid,7,cpu,96.48009887710214,87.29629262303934,{},{},192789.0,192790,900.0,DoPFNWrapper.estimate_ate
19922.491388705384,-2190.7970558572783,-13258.607421875,11067.810366017722,0.8347641659371337,12291.960487255328,,189.8964022062719,Do-PFN (Foundation),psid,8,cpu,97.5972119551152,92.29919025115669,{},{},192799.0,192800,900.0,DoPFNWrapper.estimate_ate
20668.966292978836,-1081.4852588294366,-13162.4794921875,12080.994233358064,0.917835749755164,11229.443637686334,,173.4683614531532,Do-PFN (Foundation),psid,9,cpu,88.14543163217604,85.32292982097715,{},{},192809.0,192810,900.0,DoPFNWrapper.estimate_ate
12344.398900802782,-402.2260276153226,-6977.12744140625,6574.901413790927,0.9423507695677582,6649.810070565429,,418.0324577870779,CausalFM (Foundation),cps,0,cpu,119.8913892339915,298.14106855308637,{},{},282719.0,282720,900.0,CausalFMWrapper.estimate_ate
12303.166499509478,-398.8098562359186,-7082.3935546875,6683.583698451582,0.9436899611457765,6606.39361936103,,292.5008439561352,CausalFM (Foundation),cps,1,cpu,71.12763989111409,221.37320406502113,{},{},282729.0,282730,900.0,CausalFMWrapper.estimate_ate
12246.40808940461,-417.6892902740007,-7037.5419921875,6619.852701913499,0.9406484123651281,6208.422788232558,,273.6324433134869,CausalFM (Foundation),cps,2,cpu,63.44287194125354,210.18957137223333,{},{},282739.0,282740,900.0,CausalFMWrapper.estimate_ate
12421.046695779083,-405.775007742661,-7032.99267578125,6627.217668038589,0.9423040764496446,6621.670338911139,,263.7434841701761,CausalFM (Foundation),cps,3,cpu,62.71564523410052,201.02783893607557,{},{},282749.0,282750,900.0,CausalFMWrapper.estimate_ate
12380.075251830527,-404.7412731390746,-7018.77880859375,6614.037535454675,0.9423345165610668,6381.775237671848,,268.37043437268585,CausalFM (Foundation),cps,4,cpu,63.941129298880696,204.42930507380515,{},{},282759.0,282760,900.0,CausalFMWrapper.estimate_ate
12368.739858153423,-396.70049380510915,-7084.69677734375,6687.9962835386405,0.9440060024751993,6757.7302832199775,,262.6737451152876,CausalFM (Foundation),cps,5,cpu,64.67663454310969,197.99711057217792,{},{},282769.0,282770,900.0,CausalFMWrapper.estimate_ate
12360.19579719433,-410.8623082019007,-7150.3271484375,6739.4648402356,0.9425393692229721,6627.961874506782,,235.73046342562884,CausalFM (Foundation),cps,6,cpu,58.354265480302274,177.37619794532657,{},{},282779.0,282780,900.0,CausalFMWrapper.estimate_ate
12393.874563845584,-417.019407167376,-7098.8935546875,6681.874147520124,0.9412557176742812,6596.160851054442,,235.5390029558912,CausalFM (Foundation),cps,7,cpu,54.47267051273957,181.06633244315162,{},{},282789.0,282790,900.0,CausalFMWrapper.estimate_ate
12438.142213213787,-411.31711175981553,-7091.86376953125,6680.546657771434,0.9420015492209007,6842.430568304329,,235.5824612537399,CausalFM (Foundation),cps,8,cpu,55.983289655763656,179.59917159797624,{},{},282799.0,282800,900.0,CausalFMWrapper.estimate_ate
12185.855118475489,-397.9955202593424,-6980.4052734375,6582.409753178157,0.9429838949633393,6324.780358723855,,231.308856213931,CausalFM (Foundation),cps,9,cpu,55.163511380087584,176.1453448338434,{},{},282809.0,282810,900.0,CausalFMWrapper.estimate_ate
22399.148575063286,-879.6802383334252,-13856.3720703125,12976.691831979075,0.9365143896339562,14202.690908540053,,16.541118200868368,CausalFM (Foundation),psid,0,cpu,7.909949816763401,8.631168384104967,{},{},292719.0,292720,900.0,CausalFMWrapper.estimate_ate
20265.276986106543,-862.5687285932509,-13811.56640625,12948.99767765675,0.9375473640547898,12146.817483047358,,15.154649495147169,CausalFM (Foundation),psid,1,cpu,6.246570161078125,8.908079334069043,{},{},292729.0,292730,900.0,CausalFMWrapper.estimate_ate
23031.588832235262,-823.2398871348317,-13880.02734375,13056.787456615168,0.9406888857812709,14389.292380931733,,14.546428393106908,CausalFM (Foundation),psid,2,cpu,6.156234377995133,8.390194015111774,{},{},292739.0,292740,900.0,CausalFMWrapper.estimate_ate
20726.346936268754,-744.4788760201056,-13422.94140625,12678.462530229894,0.9445368303788536,12477.092726878804,,13.887814857997,CausalFM (Foundation),psid,3,cpu,5.978587147779763,7.9092277102172375,{},{},292749.0,292750,900.0,CausalFMWrapper.estimate_ate
23562.651033112827,-521.0067674320562,-13357.1513671875,12836.144599755444,0.9609941706042543,11715.469398118497,,13.703214544337243,CausalFM (Foundation),psid,4,cpu,5.872690731659532,7.830523812677711,{},{},292759.0,292760,900.0,CausalFMWrapper.estimate_ate
22186.69512660045,-559.7726270739112,-12922.82421875,12363.051591676089,0.9566834139652466,13343.01218429416,,14.271583404857665,CausalFM (Foundation),psid,5,cpu,6.056699017062783,8.214884387794882,{},{},292769.0,292770,900.0,CausalFMWrapper.estimate_ate
24730.494472757797,-729.4148663953815,-13823.197265625,13093.782399229618,0.9472325503001584,14139.047593601694,,14.493569238111377,CausalFM (Foundation),psid,6,cpu,6.0036616562865674,8.48990758182481,{},{},292779.0,292780,900.0,CausalFMWrapper.estimate_ate
21039.367316688462,-651.6216514731133,-13007.2373046875,12355.615653214387,0.9499031472849516,9813.234781721465,,15.214649216271937,CausalFM (Foundation),psid,7,cpu,6.293071232270449,8.921577984001487,{},{},292789.0,292790,900.0,CausalFMWrapper.estimate_ate
22963.36659205646,-713.0762348047688,-13258.607421875,12545.531187070232,0.9462178634508971,13897.999167525428,,14.601120248902589,CausalFM (Foundation),psid,8,cpu,6.210999242961407,8.390121005941182,{},{},292799.0,292800,900.0,CausalFMWrapper.estimate_ate
21837.943160167997,-641.3389148994318,-13162.4794921875,12521.140577288068,0.9512752201977137,10982.613377031366,,14.188896874897182,CausalFM (Foundation),psid,9,cpu,6.007938337977976,8.180958536919206,{},{},292809.0,292810,900.0,CausalFMWrapper.estimate_ate
12825.17087979237,70.74049368414809,-6977.12744140625,7047.8679350903985,1.0101389137962757,7271.278077736331,,1832.6059278757311,S-learner,cps,0,cpu,918.0832861359231,914.522641739808,"{""outcome"": {""config"": {""colsample_bylevel"": 1.0, ""colsample_bytree"": 0.9013070887791416, ""learning_rate"": 0.24978664138402903, ""max_leaves"": 8, ""min_child_weight"": 30.26493249468933, ""n_estimators"": 20, ""reg_alpha"": 0.0009765625, ""reg_lambda"": 0.04230186176403896, ""subsample"": 1.0}, ""estimator"": ""xgboost"", ""n_splits"": 3}}","{""outcome"": {""config"": {""colsample_bylevel"": 1.0, ""colsample_bytree"": 0.9013070887791416, ""learning_rate"": 0.24978664138402903, ""max_leaves"": 8, ""min_child_weight"": 30.26493249468933, ""n_estimators"": 20, ""reg_alpha"": 0.0009765625, ""reg_lambda"": 0.04230186176403896, ""subsample"": 1.0}, ""estimator"": ""xgboost"", ""n_splits"": 3}}",382719.0,382720,900.0,SLearnerWrapper.estimate_ate
11795.293625308072,-445.5609187570045,-7082.3935546875,6636.832635930496,0.937088935354139,5436.0580864181775,,1803.5755656426772,S-learner,cps,1,cpu,902.9635575008579,900.6120081418194,"{""outcome"": {""config"": {""max_features"": 0.4766618765575551, ""max_leaves"": 176, ""n_estimators"": 361}, ""estimator"": ""extra_tree"", ""n_splits"": 3}}","{""outcome"": {""config"": {""max_features"": 0.6246135934948354, ""max_leaves"": 122, ""n_estimators"": 127}, ""estimator"": ""extra_tree"", ""n_splits"": 3}}",382729.0,382730,900.0,SLearnerWrapper.estimate_ate
12697.093277601052,-98.97505420404164,-7037.5419921875,6938.566937983458,0.985936133052737,6584.878291938645,,1802.0335096572526,S-learner,cps,2,cpu,900.52283287514,901.5106767821126,"{""outcome"": {""config"": {""max_features"": 0.7049190993475257, ""max_leaves"": 148, ""n_estimators"": 105}, ""estimator"": ""extra_tree"", ""n_splits"": 3}}","{""outcome"": {""config"": {""max_features"": 0.6733763677609086, ""max_leaves"": 121, ""n_estimators"": 196}, ""estimator"": ""extra_tree"", ""n_splits"": 3}}",382739.0,382740,900.0,SLearnerWrapper.estimate_ate
12246.05357976028,14.769036694395522,-7032.99267578125,7047.761712475645,1.002099964746904,6220.5917270105465,,1804.9446747931652,S-learner,cps,3,cpu,900.4465045402758,904.4981702528894,"{""outcome"": {""config"": {""max_features"": 0.574212793730362, ""max_leaves"": 183, ""n_estimators"": 99}, ""estimator"": ""extra_tree"", ""n_splits"": 3}}","{""outcome"": {""config"": {""max_features"": 0.6243074822446634, ""max_leaves"": 51, ""n_estimators"": 1177}, ""estimator"": ""rf"", ""n_splits"": 3}}",382749.0,382750,900.0,SLearnerWrapper.estimate_ate
12368.381388793896,-322.55063733030204,-7018.77880859375,6696.228171263448,0.9540446214169175,6011.725356528874,,1803.0484716068022,S-learner,cps,4,cpu,901.8250511260703,901.2234204807319,"{""outcome"": {""config"": {""max_features"": 0.5731905634197991, ""max_leaves"": 153, ""n_estimators"": 401}, ""estimator"": ""extra_tree"", ""n_splits"": 3}}","{""outcome"": {""config"": {""max_features"": 0.6230362495922852, ""max_leaves"": 138, ""n_estimators"": 637}, ""estimator"": ""extra_tree"", ""n_splits"": 3}}",382759.0,382760,900.0,SLearnerWrapper.estimate_ate
12776.014315743108,-197.79597755325977,-7084.69677734375,6886.90079979049,0.9720812359682753,7061.117679166853,,1801.499896766618,S-learner,cps,5,cpu,900.7589302766137,900.7409664900042,"{""outcome"": {""config"": {""max_features"": 0.8636652245194756, ""max_leaves"": 81, ""n_estimators"": 30}, ""estimator"": ""extra_tree"", ""n_splits"": 3}}","{""outcome"": {""config"": {""max_features"": 0.6913796003373721, ""max_leaves"": 107, ""n_estimators"": 194}, ""estimator"": ""extra_tree"", ""n_splits"": 3}}",382769.0,382770,900.0,SLearnerWrapper.estimate_ate
12465.131809986953,-56.760129236968574,-7150.3271484375,7093.567019200532,0.9920618835937749,6510.41686055451,,1815.140555831138,S-learner,cps,6,cpu,913.6376803331077,901.5028754980303,"{""outcome"": {""config"": {""colsample_bylevel"": 1.0, ""colsample_bytree"": 0.9013070887791416, ""learning_rate"": 0.24978664138402903, ""max_leaves"": 8, ""min_child_weight"": 30.26493249468933, ""n_estimators"": 20, ""reg_alpha"": 0.0009765625, ""reg_lambda"": 0.04230186176403896, ""subsample"": 1.0}, ""estimator"": ""xgboost"", ""n_splits"": 3}}","{""outcome"": {""config"": {""max_features"": 0.8028146236682501, ""max_leaves"": 106, ""n_estimators"": 262}, ""estimator"": ""extra_tree"", ""n_splits"": 3}}",382779.0,382780,900.0,SLearnerWrapper.estimate_ate
12897.506904862397,-170.78670521165222,-7098.8935546875,6928.106849475847,0.9759417853070019,7018.872422205355,,1815.748414861504,S-learner,cps,7,cpu,914.1012415401638,901.6471733213402,"{""outcome"": {""config"": {""colsample_bylevel"": 1.0, ""colsample_bytree"": 0.9013070887791416, ""learning_rate"": 0.24978664138402903, ""max_leaves"": 8, ""min_child_weight"": 30.26493249468933, ""n_estimators"": 20, ""reg_alpha"": 0.0009765625, ""reg_lambda"": 0.04230186176403896, ""subsample"": 1.0}, ""estimator"": ""xgboost"", ""n_splits"": 3}}","{""outcome"": {""config"": {""max_features"": 0.5503878464542334, ""max_leaves"": 71, ""n_estimators"": 73}, ""estimator"": ""rf"", ""n_splits"": 3}}",382789.0,382790,900.0,SLearnerWrapper.estimate_ate
12218.841080745016,24.266719982046826,-7091.86376953125,7116.130489513297,1.0034217690526248,6176.471417624001,,1890.5309936148115,S-learner,cps,8,cpu,900.7462015450001,989.7847920698114,"{""outcome"": {""config"": {""max_features"": 0.5933323500534041, ""max_leaves"": 144, ""n_estimators"": 142}, ""estimator"": ""extra_tree"", ""n_splits"": 3}}","{""outcome"": {""config"": {""colsample_bylevel"": 0.6660300783399923, ""colsample_bytree"": 0.8219229674513878, ""learning_rate"": 0.07331115378597167, ""max_leaves"": 9, ""min_child_weight"": 26.33823928738302, ""n_estimators"": 118, ""reg_alpha"": 0.0015245843735931766, ""reg_lambda"": 0.03105715519964433, ""subsample"": 0.8895588746662894}, ""estimator"": ""xgboost"", ""n_splits"": 3}}",382799.0,382800,900.0,SLearnerWrapper.estimate_ate
12195.068338718973,-648.906132464207,-6980.4052734375,6331.499140973293,0.9070389028925646,6024.801089358123,,1803.2375740464777,S-learner,cps,9,cpu,902.3070792402141,900.9304948062636,"{""outcome"": {""config"": {""max_features"": 0.5402317009725869, ""max_leaves"": 200, ""n_estimators"": 949}, ""estimator"": ""extra_tree"", ""n_splits"": 3}}","{""outcome"": {""config"": {""max_features"": 0.5344804236038398, ""max_leaves"": 220, ""n_estimators"": 250}, ""estimator"": ""extra_tree"", ""n_splits"": 3}}",382809.0,382810,900.0,SLearnerWrapper.estimate_ate
20978.00182541232,-7327.588440755417,-13856.3720703125,6528.783629557083,0.4711755426617329,12998.256965509101,,1803.3582120710053,S-learner,psid,0,cpu,901.4827436208725,901.8754684501328,"{""outcome"": {""config"": {""max_features"": 1.0, ""max_leaves"": 23, ""n_estimators"": 85}, ""estimator"": ""extra_tree"", ""n_splits"": 3}}","{""outcome"": {""config"": {""max_features"": 0.7501494429354728, ""max_leaves"": 37, ""n_estimators"": 83}, ""estimator"": ""extra_tree"", ""n_splits"": 3}}",392719.0,392720,900.0,SLearnerWrapper.estimate_ate
18387.605854962105,-4854.573268259255,-13811.56640625,8956.993137990745,0.6485139248167425,10546.392332452446,,1802.8212703987956,S-learner,psid,1,cpu,901.3344023311511,901.4868680676445,"{""outcome"": {""config"": {""max_features"": 1.0, ""max_leaves"": 18, ""n_estimators"": 18}, ""estimator"": ""extra_tree"", ""n_splits"": 3}}","{""outcome"": {""config"": {""max_features"": 0.7564111539866849, ""max_leaves"": 35, ""n_estimators"": 15}, ""estimator"": ""extra_tree"", ""n_splits"": 3}}",392729.0,392730,900.0,SLearnerWrapper.estimate_ate
22197.312305591156,-4915.119777451365,-13880.02734375,8964.907566298636,0.6458854398675923,13669.242190706196,,1802.843567600008,S-learner,psid,2,cpu,901.935195825994,900.9083717740141,"{""outcome"": {""config"": {""max_features"": 1.0, ""max_leaves"": 22, ""n_estimators"": 757}, ""estimator"": ""extra_tree"", ""n_splits"": 3}}","{""outcome"": {""config"": {""max_features"": 0.8689091258847151, ""max_leaves"": 25, ""n_estimators"": 13}, ""estimator"": ""extra_tree"", ""n_splits"": 3}}",392739.0,392740,900.0,SLearnerWrapper.estimate_ate
19258.361813451433,-1712.2352107710344,-13422.94140625,11710.706195478966,0.8724396420308811,11280.74808342777,,1801.1546849962324,S-learner,psid,3,cpu,901.0095114340074,900.145173562225,"{""outcome"": {""config"": {""max_features"": 0.9353690210033984, ""max_leaves"": 20, ""n_estimators"": 174}, ""estimator"": ""extra_tree"", ""n_splits"": 3}}","{""outcome"": {""config"": {""max_features"": 1.0, ""max_leaves"": 15, ""n_estimators"": 14}, ""estimator"": ""extra_tree"", ""n_splits"": 3}}",392749.0,392750,900.0,SLearnerWrapper.estimate_ate
21823.26439612349,-1660.6266798230945,-13357.1513671875,11696.524687364406,0.8756750871363739,9649.984173048788,,1802.5123807596974,S-learner,psid,4,cpu,901.3653049678542,901.1470757918432,"{""outcome"": {""config"": {""max_features"": 0.7327515266396629, ""max_leaves"": 44, ""n_estimators"": 36}, ""estimator"": ""extra_tree"", ""n_splits"": 3}}","{""outcome"": {""config"": {""max_features"": 0.9820195982034282, ""max_leaves"": 25, ""n_estimators"": 188}, ""estimator"": ""extra_tree"", ""n_splits"": 3}}",392759.0,392760,900.0,SLearnerWrapper.estimate_ate
21522.317494399307,-855.2088071479368,-12922.82421875,12067.615411602063,0.9338218339365449,13162.149334013016,,1802.616055346094,S-learner,psid,5,cpu,901.2699317610823,901.3461235850118,"{""outcome"": {""config"": {""max_features"": 0.9924697368500226, ""max_leaves"": 27, ""n_estimators"": 90}, ""estimator"": ""extra_tree"", ""n_splits"": 3}}","{""outcome"": {""config"": {""max_features"": 0.9560049895308493, ""max_leaves"": 20, ""n_estimators"": 92}, ""estimator"": ""extra_tree"", ""n_splits"": 3}}",392769.0,392770,900.0,SLearnerWrapper.estimate_ate
20650.431590955013,-6902.874998014432,-13823.197265625,6920.322267610568,0.5006310866166075,9895.351485067338,,1802.6151785007678,S-learner,psid,6,cpu,901.2779030860402,901.3372754147276,"{""outcome"": {""config"": {""max_features"": 0.9490922484874625, ""max_leaves"": 20, ""n_estimators"": 30}, ""estimator"": ""extra_tree"", ""n_splits"": 3}}","{""outcome"": {""config"": {""max_features"": 0.8719059879530144, ""max_leaves"": 26, ""n_estimators"": 22}, ""estimator"": ""extra_tree"", ""n_splits"": 3}}",392779.0,392780,900.0,SLearnerWrapper.estimate_ate
20670.839860536966,-4257.210521875722,-13007.2373046875,8750.026782811778,0.6727044781178666,9770.091537112621,,1803.0574599276297,S-learner,psid,7,cpu,901.6287134592421,901.4287464683875,"{""outcome"": {""config"": {""max_features"": 1.0, ""max_leaves"": 13, ""n_estimators"": 838}, ""estimator"": ""extra_tree"", ""n_splits"": 3}}","{""outcome"": {""config"": {""max_features"": 0.8982201161472849, ""max_leaves"": 19, ""n_estimators"": 77}, ""estimator"": ""extra_tree"", ""n_splits"": 3}}",392789.0,392790,900.0,SLearnerWrapper.estimate_ate
21626.85928286857,-1555.9214426482179,-13258.607421875,11702.685979226782,0.8826482002861044,12864.663869416536,,1803.3220391138457,S-learner,psid,8,cpu,901.8254218148068,901.4966172990389,"{""outcome"": {""config"": {""max_features"": 1.0, ""max_leaves"": 17, ""n_estimators"": 278}, ""estimator"": ""extra_tree"", ""n_splits"": 3}}","{""outcome"": {""config"": {""max_features"": 1.0, ""max_leaves"": 27, ""n_estimators"": 94}, ""estimator"": ""extra_tree"", ""n_splits"": 3}}",392799.0,392800,900.0,SLearnerWrapper.estimate_ate
19028.48419818686,-5668.762769611606,-13162.4794921875,7493.716722575894,0.5693240948271217,7068.695016707947,,1803.0519601735286,S-learner,psid,9,cpu,901.4122719573788,901.6396882161498,"{""outcome"": {""config"": {""max_features"": 1.0, ""max_leaves"": 27, ""n_estimators"": 50}, ""estimator"": ""extra_tree"", ""n_splits"": 3}}","{""outcome"": {""config"": {""max_features"": 0.9476921777347089, ""max_leaves"": 26, ""n_estimators"": 143}, ""estimator"": ""extra_tree"", ""n_splits"": 3}}",392809.0,392810,900.0,SLearnerWrapper.estimate_ate
8891.310242235973,-8358.35965867321,-6977.12744140625,1381.2322172669592,0.19796574290272534,-673.2870826559102,,3631.3457377706654,T-learner,cps,0,cpu,1800.8393014147878,1830.5064363558777,"{""outcome_0"": {""config"": {""max_features"": 0.7298832792421877, ""max_leaves"": 166, ""n_estimators"": 68}, ""estimator"": ""extra_tree"", ""n_splits"": 3}, ""outcome_1"": {""config"": {""max_features"": 0.1, ""max_leaves"": 6, ""n_estimators"": 4}, ""estimator"": ""rf"", ""n_splits"": 3}}","{""outcome_0"": {""config"": {""colsample_bylevel"": 0.8182737361783602, ""colsample_bytree"": 0.8031986460435498, ""learning_rate"": 0.1115271479445595, ""max_leaves"": 11, ""min_child_weight"": 25.455890941029228, ""n_estimators"": 32, ""reg_alpha"": 0.0028713182433880735, ""reg_lambda"": 0.08662120786561324, ""subsample"": 1.0}, ""estimator"": ""xgboost"", ""n_splits"": 3}, ""outcome_1"": {""config"": {""colsample_bytree"": 0.8880069658004732, ""learning_rate"": 0.12811600114854774, ""log_max_bin"": 8, ""min_child_samples"": 32, ""n_estimators"": 6, ""num_leaves"": 5, ""reg_alpha"": 0.0182310101503482, ""reg_lambda"": 1.4419636298817953}, ""estimator"": ""lgbm"", ""n_splits"": 3}}",482719.0,482720,900.0,TLearnerWrapper.estimate_ate
9587.185323530033,-9911.729212913951,-7082.3935546875,2829.3356582264514,0.39948862434365195,-2589.1737116713016,,3611.8989655231126,T-learner,cps,1,cpu,1805.6125077321194,1806.2864577909932,"{""outcome_0"": {""config"": {""max_features"": 0.6058257015322115, ""max_leaves"": 149, ""n_estimators"": 991}, ""estimator"": ""extra_tree"", ""n_splits"": 3}, ""outcome_1"": {""config"": {""colsample_bylevel"": 1.0, ""colsample_bytree"": 0.9013070887791416, ""learning_rate"": 0.25912534572860507, ""max_leaves"": 5, ""min_child_weight"": 0.26208115308159446, ""n_estimators"": 5, ""reg_alpha"": 0.001393361738014426, ""reg_lambda"": 0.18096917948292968, ""subsample"": 0.9266743941610592}, ""estimator"": ""xgboost"", ""n_splits"": 3}}","{""outcome_0"": {""config"": {""max_features"": 0.539324527557212, ""max_leaves"": 173, ""n_estimators"": 674}, ""estimator"": ""extra_tree"", ""n_splits"": 3}, ""outcome_1"": {""config"": {""colsample_bylevel"": 0.7871095066136292, ""colsample_bytree"": 1.0, ""learning_rate"": 0.09505850451905135, ""max_depth"": 5, ""min_child_weight"": 2.6471373397827658, ""n_estimators"": 10, ""reg_alpha"": 0.0009765625, ""reg_lambda"": 1.0947183943020449, ""subsample"": 0.9661106209889765}, ""estimator"": ""xgb_limitdepth"", ""n_splits"": 3}}",482729.0,482730,900.0,TLearnerWrapper.estimate_ate
8963.38334137912,-10477.90193609388,-7037.5419921875,3440.35994390638,0.48885817629517464,-1544.683058451663,,3605.361676708795,T-learner,cps,2,cpu,1802.840524443891,1802.5211522649042,"{""outcome_0"": {""config"": {""max_features"": 0.7217725721761586, ""max_leaves"": 129, ""n_estimators"": 329}, ""estimator"": ""extra_tree"", ""n_splits"": 3}, ""outcome_1"": {""config"": {""colsample_bytree"": 1.0, ""learning_rate"": 0.2354620680776317, ""log_max_bin"": 9, ""min_child_samples"": 9, ""n_estimators"": 4, ""num_leaves"": 7, ""reg_alpha"": 0.0009765625, ""reg_lambda"": 2.712461058607153}, ""estimator"": ""lgbm"", ""n_splits"": 3}}","{""outcome_0"": {""config"": {""max_features"": 0.6457985281605031, ""max_leaves"": 130, ""n_estimators"": 671}, ""estimator"": ""extra_tree"", ""n_splits"": 3}, ""outcome_1"": {""config"": {""max_features"": 0.10966866629330074, ""max_leaves"": 5, ""n_estimators"": 4}, ""estimator"": ""extra_tree"", ""n_splits"": 3}}",482739.0,482740,900.0,TLearnerWrapper.estimate_ate
8857.170681210826,-8932.053637128323,-7032.99267578125,1899.0609613470733,0.270021745918201,-456.8839744873194,,3602.3999990308657,T-learner,cps,3,cpu,1800.6427124808542,1801.7572865500115,"{""outcome_0"": {""config"": {""max_features"": 0.6657532395597934, ""max_leaves"": 162, ""n_estimators"": 107}, ""estimator"": ""extra_tree"", ""n_splits"": 3}, ""outcome_1"": {""config"": {""max_features"": 0.12742564880121057, ""max_leaves"": 9, ""n_estimators"": 5}, ""estimator"": ""extra_tree"", ""n_splits"": 3}}","{""outcome_0"": {""config"": {""max_features"": 0.6753807147769174, ""max_leaves"": 91, ""n_estimators"": 109}, ""estimator"": ""extra_tree"", ""n_splits"": 3}, ""outcome_1"": {""config"": {""max_features"": 0.12515035125910887, ""max_leaves"": 4, ""n_estimators"": 4}, ""estimator"": ""extra_tree"", ""n_splits"": 3}}",482749.0,482750,900.0,TLearnerWrapper.estimate_ate
9119.752468516683,-9237.514316239765,-7018.77880859375,2218.7355076460153,0.31611417999470903,-2395.3903095276823,,3611.7062269528396,T-learner,cps,4,cpu,1802.7606868869625,1808.9455400658771,"{""outcome_0"": {""config"": {""max_features"": 0.6204380761945737, ""max_leaves"": 126, ""n_estimators"": 607}, ""estimator"": ""extra_tree"", ""n_splits"": 3}, ""outcome_1"": {""config"": {""max_features"": 0.2356786513483773, ""max_leaves"": 15, ""n_estimators"": 78}, ""estimator"": ""rf"", ""n_splits"": 3}}","{""outcome_0"": {""config"": {""max_features"": 0.677880400794579, ""max_leaves"": 123, ""n_estimators"": 304}, ""estimator"": ""extra_tree"", ""n_splits"": 3}, ""outcome_1"": {""config"": {""colsample_bylevel"": 0.8833142421826156, ""colsample_bytree"": 0.9423882066359944, ""learning_rate"": 0.04482513516995935, ""max_leaves"": 15, ""min_child_weight"": 3.421365438374716, ""n_estimators"": 6, ""reg_alpha"": 0.0021045519037984008, ""reg_lambda"": 0.9075329642900627, ""subsample"": 0.8325204042664569}, ""estimator"": ""xgboost"", ""n_splits"": 3}}",482759.0,482760,900.0,TLearnerWrapper.estimate_ate
9393.525004356961,-9222.556545810457,-7084.69677734375,2137.8597684667075,0.30175741258262195,-2650.857546022413,,3606.955110236071,T-learner,cps,5,cpu,1804.2738522770815,1802.6812579589896,"{""outcome_0"": {""config"": {""max_features"": 0.5800672492107835, ""max_leaves"": 110, ""n_estimators"": 164}, ""estimator"": ""extra_tree"", ""n_splits"": 3}, ""outcome_1"": {""config"": {""colsample_bylevel"": 1.0, ""colsample_bytree"": 0.971607304175348, ""learning_rate"": 1.0, ""max_depth"": 6, ""min_child_weight"": 2.8226130094433164, ""n_estimators"": 6, ""reg_alpha"": 0.6435512903038095, ""reg_lambda"": 114.35591215843638, ""subsample"": 0.7062471886140492}, ""estimator"": ""xgb_limitdepth"", ""n_splits"": 3}}","{""outcome_0"": {""config"": {""max_features"": 0.5532492121932502, ""max_leaves"": 175, ""n_estimators"": 227}, ""estimator"": ""extra_tree"", ""n_splits"": 3}, ""outcome_1"": {""config"": {""n_neighbors"": 79}, ""estimator"": ""kneighbor"", ""n_splits"": 3}}",482769.0,482770,900.0,TLearnerWrapper.estimate_ate
9123.018230660575,-7603.804355064582,-7150.3271484375,453.4772066270816,0.063420483736264,-1672.4288004353846,,3608.566263058223,T-learner,cps,6,cpu,1804.110815568827,1804.4554474893957,"{""outcome_0"": {""config"": {""max_features"": 0.7309998596054768, ""max_leaves"": 78, ""n_estimators"": 90}, ""estimator"": ""extra_tree"", ""n_splits"": 3}, ""outcome_1"": {""config"": {""colsample_bylevel"": 0.8421448480390471, ""colsample_bytree"": 1.0, ""learning_rate"": 0.27297646305689616, ""max_leaves"": 10, ""min_child_weight"": 8.50314434787468, ""n_estimators"": 4, ""reg_alpha"": 0.015317222532779406, ""reg_lambda"": 11.62862588371601, ""subsample"": 0.8174002751655411}, ""estimator"": ""xgboost"", ""n_splits"": 3}}","{""outcome_0"": {""config"": {""max_features"": 0.6139794777965584, ""max_leaves"": 77, ""n_estimators"": 247}, ""estimator"": ""rf"", ""n_splits"": 3}, ""outcome_1"": {""config"": {""colsample_bylevel"": 0.9055040508719772, ""colsample_bytree"": 0.913808955319063, ""learning_rate"": 0.4004517944702221, ""max_leaves"": 4, ""min_child_weight"": 31.388355475105918, ""n_estimators"": 6, ""reg_alpha"": 0.013775011870746603, ""reg_lambda"": 0.3525316844419893, ""subsample"": 0.9144537430387987}, ""estimator"": ""xgboost"", ""n_splits"": 3}}",482779.0,482780,900.0,TLearnerWrapper.estimate_ate
8828.109890538,-8655.09821019236,-7098.8935546875,1556.20465550486,0.21921791663928866,-515.3346650037541,,3609.303096759133,T-learner,cps,7,cpu,1805.6735242931172,1803.6295724660158,"{""outcome_0"": {""config"": {""max_features"": 0.5006499694279373, ""max_leaves"": 133, ""n_estimators"": 1616}, ""estimator"": ""extra_tree"", ""n_splits"": 3}, ""outcome_1"": {""config"": {""max_features"": 0.5162446706810732, ""max_leaves"": 13, ""n_estimators"": 13}, ""estimator"": ""extra_tree"", ""n_splits"": 3}}","{""outcome_0"": {""config"": {""max_features"": 0.5415338657697631, ""max_leaves"": 193, ""n_estimators"": 121}, ""estimator"": ""extra_tree"", ""n_splits"": 3}, ""outcome_1"": {""config"": {""colsample_bylevel"": 0.14246006586105164, ""colsample_bytree"": 0.7505138392073331, ""learning_rate"": 0.13820489715076026, ""max_depth"": 5, ""min_child_weight"": 0.001, ""n_estimators"": 4, ""reg_alpha"": 0.004224198601000056, ""reg_lambda"": 0.001436609018623457, ""subsample"": 0.7884285572998189}, ""estimator"": ""xgb_limitdepth"", ""n_splits"": 3}}",482789.0,482790,900.0,TLearnerWrapper.estimate_ate
8833.98343086867,-8201.064042291078,-7091.86376953125,1109.2002727598283,0.15640462208590605,-869.9586426472046,,3624.2374541354366,T-learner,cps,8,cpu,1807.8106218003668,1816.4268323350698,"{""outcome_0"": {""config"": {""max_features"": 0.6074471805603656, ""max_leaves"": 132, ""n_estimators"": 419}, ""estimator"": ""extra_tree"", ""n_splits"": 3}, ""outcome_1"": {""config"": {""colsample_bylevel"": 1.0, ""colsample_bytree"": 1.0, ""learning_rate"": 0.13989221753805287, ""max_leaves"": 6, ""min_child_weight"": 16.52834631715459, ""n_estimators"": 14, ""reg_alpha"": 0.02485965718020627, ""reg_lambda"": 13.50146069837014, ""subsample"": 1.0}, ""estimator"": ""xgboost"", ""n_splits"": 3}}","{""outcome_0"": {""config"": {""colsample_bylevel"": 1.0, ""colsample_bytree"": 0.9013070887791416, ""learning_rate"": 0.24978664138402903, ""max_leaves"": 8, ""min_child_weight"": 30.26493249468933, ""n_estimators"": 20, ""reg_alpha"": 0.0009765625, ""reg_lambda"": 0.04230186176403896, ""subsample"": 1.0}, ""estimator"": ""xgboost"", ""n_splits"": 3}, ""outcome_1"": {""config"": {""colsample_bytree"": 0.9389674906958729, ""learning_rate"": 0.31780926907587126, ""log_max_bin"": 10, ""min_child_samples"": 17, ""n_estimators"": 5, ""num_leaves"": 15, ""reg_alpha"": 0.06002965385019587, ""reg_lambda"": 2.861888533715728}, ""estimator"": ""lgbm"", ""n_splits"": 3}}",482799.0,482800,900.0,TLearnerWrapper.estimate_ate
8841.310155521971,-9455.01404079587,-6980.4052734375,2474.6087673583697,0.3545078932266928,-1797.1334780680088,,3614.2119633741677,T-learner,cps,9,cpu,1803.2329428521916,1810.979020521976,"{""outcome_0"": {""config"": {""max_features"": 0.5663549622370831, ""max_leaves"": 193, ""n_estimators"": 403}, ""estimator"": ""extra_tree"", ""n_splits"": 3}, ""outcome_1"": {""config"": {""colsample_bylevel"": 1.0, ""colsample_bytree"": 0.7738285552443382, ""learning_rate"": 1.0, ""max_leaves"": 5, ""min_child_weight"": 0.04249542333119931, ""n_estimators"": 4, ""reg_alpha"": 0.0855787383955588, ""reg_lambda"": 30.852328925847335, ""subsample"": 0.6784477225590061}, ""estimator"": ""xgboost"", ""n_splits"": 3}}","{""outcome_0"": {""config"": {""colsample_bylevel"": 1.0, ""colsample_bytree"": 0.9013070887791416, ""learning_rate"": 0.24978664138402903, ""max_leaves"": 8, ""min_child_weight"": 30.26493249468933, ""n_estimators"": 20, ""reg_alpha"": 0.0009765625, ""reg_lambda"": 0.04230186176403896, ""subsample"": 1.0}, ""estimator"": ""xgboost"", ""n_splits"": 3}, ""outcome_1"": {""config"": {""max_features"": 0.13243613952450098, ""max_leaves"": 5, ""n_estimators"": 4}, ""estimator"": ""extra_tree"", ""n_splits"": 3}}",482809.0,482810,900.0,TLearnerWrapper.estimate_ate
13366.557846497688,-13580.22232595682,-13856.3720703125,276.14974435568,0.019929440617947606,893.73501290848,,3603.9409132320434,T-learner,psid,0,cpu,1802.816134552937,1801.1247786791064,"{""outcome_0"": {""config"": {""max_features"": 1.0, ""max_leaves"": 28, ""n_estimators"": 16}, ""estimator"": ""extra_tree"", ""n_splits"": 3}, ""outcome_1"": {""config"": {""colsample_bylevel"": 0.7802153660457098, ""colsample_bytree"": 0.9967777762859156, ""learning_rate"": 0.23231485955014972, ""max_leaves"": 4, ""min_child_weight"": 2.3559673377401613, ""n_estimators"": 4, ""reg_alpha"": 0.05541019349323552, ""reg_lambda"": 0.42391285706967063, ""subsample"": 0.9010974297256181}, ""estimator"": ""xgboost"", ""n_splits"": 3}}","{""outcome_0"": {""config"": {""max_features"": 1.0, ""max_leaves"": 22, ""n_estimators"": 380}, ""estimator"": ""extra_tree"", ""n_splits"": 3}, ""outcome_1"": {""config"": {""max_features"": 0.37354094610877153, ""max_leaves"": 4, ""n_estimators"": 13}, ""estimator"": ""rf"", ""n_splits"": 3}}",492719.0,492720,900.0,TLearnerWrapper.estimate_ate
12555.444254190672,-13890.158723841178,-13811.56640625,78.59231759117756,0.005690326157035752,-252.52707982419142,,3607.351279914845,T-learner,psid,1,cpu,1803.9698824491352,1803.3813974657096,"{""outcome_0"": {""config"": {""max_features"": 1.0, ""max_leaves"": 19, ""n_estimators"": 308}, ""estimator"": ""extra_tree"", ""n_splits"": 3}, ""outcome_1"": {""config"": {""colsample_bylevel"": 0.8107654346519491, ""colsample_bytree"": 0.971607304175348, ""learning_rate"": 0.09120717304258802, ""max_depth"": 5, ""min_child_weight"": 0.38637281868376144, ""n_estimators"": 7, ""reg_alpha"": 0.0028599691201832457, ""reg_lambda"": 3.8374603851117595, ""subsample"": 0.865112704272654}, ""estimator"": ""xgb_limitdepth"", ""n_splits"": 3}}","{""outcome_0"": {""config"": {""max_features"": 0.7591272085600009, ""max_leaves"": 35, ""n_estimators"": 802}, ""estimator"": ""extra_tree"", ""n_splits"": 3}, ""outcome_1"": {""config"": {""colsample_bytree"": 0.758596434131098, ""learning_rate"": 0.2187510240500311, ""log_max_bin"": 6, ""min_child_samples"": 15, ""n_estimators"": 4, ""num_leaves"": 10, ""reg_alpha"": 0.03604764149898578, ""reg_lambda"": 35.64830781914911}, ""estimator"": ""lgbm"", ""n_splits"": 3}}",492729.0,492730,900.0,TLearnerWrapper.estimate_ate
12863.199013595779,-14078.388122354541,-13880.02734375,198.36077860454134,0.014291094224228439,249.35351602355047,,3605.900078628678,T-learner,psid,2,cpu,1802.1635757740587,1803.7365028546192,"{""outcome_0"": {""config"": {""max_features"": 1.0, ""max_leaves"": 25, ""n_estimators"": 69}, ""estimator"": ""extra_tree"", ""n_splits"": 3}, ""outcome_1"": {""config"": {""colsample_bylevel"": 1.0, ""colsample_bytree"": 0.9468117873770695, ""learning_rate"": 0.31559511851974764, ""max_leaves"": 6, ""min_child_weight"": 0.3777665725806505, ""n_estimators"": 4, ""reg_alpha"": 0.03583978822211466, ""reg_lambda"": 0.9134769317889893, ""subsample"": 0.9605637731720826}, ""estimator"": ""xgboost"", ""n_splits"": 3}}","{""outcome_0"": {""config"": {""max_features"": 1.0, ""max_leaves"": 19, ""n_estimators"": 20}, ""estimator"": ""extra_tree"", ""n_splits"": 3}, ""outcome_1"": {""config"": {""colsample_bytree"": 0.1383310821006794, ""learning_rate"": 1.0, ""log_max_bin"": 10, ""min_child_samples"": 58, ""n_estimators"": 16, ""num_leaves"": 4, ""reg_alpha"": 0.0009765625, ""reg_lambda"": 0.5005264222548383}, ""estimator"": ""lgbm"", ""n_splits"": 3}}",492739.0,492740,900.0,TLearnerWrapper.estimate_ate
11607.796735013822,-13965.80936278184,-13422.94140625,542.8679565318398,0.04044329332158634,-514.3997452579328,,3602.43586057378,T-learner,psid,3,cpu,1801.2560491398908,1801.179811433889,"{""outcome_0"": {""config"": {""max_features"": 0.9337719614111029, ""max_leaves"": 26, ""n_estimators"": 8}, ""estimator"": ""extra_tree"", ""n_splits"": 3}, ""outcome_1"": {""config"": {""max_features"": 0.24446830633503525, ""max_leaves"": 10, ""n_estimators"": 15}, ""estimator"": ""extra_tree"", ""n_splits"": 3}}","{""outcome_0"": {""config"": {""max_features"": 1.0, ""max_leaves"": 20, ""n_estimators"": 87}, ""estimator"": ""extra_tree"", ""n_splits"": 3}, ""outcome_1"": {""config"": {""max_features"": 0.19027204182658253, ""max_leaves"": 4, ""n_estimators"": 8}, ""estimator"": ""extra_tree"", ""n_splits"": 3}}",492749.0,492750,900.0,TLearnerWrapper.estimate_ate
15255.442675484224,-12650.939628277245,-13357.1513671875,706.211738910255,0.05287143339893341,-35.05623367651185,,3606.3824054519646,T-learner,psid,4,cpu,1803.112352238968,1803.2700532129966,"{""outcome_0"": {""config"": {""max_features"": 1.0, ""max_leaves"": 18, ""n_estimators"": 92}, ""estimator"": ""extra_tree"", ""n_splits"": 3}, ""outcome_1"": {""config"": {""colsample_bytree"": 0.8771620541614548, ""learning_rate"": 1.0, ""log_max_bin"": 8, ""min_child_samples"": 45, ""n_estimators"": 18, ""num_leaves"": 21, ""reg_alpha"": 0.014399458498539257, ""reg_lambda"": 0.09809486734244696}, ""estimator"": ""lgbm"", ""n_splits"": 3}}","{""outcome_0"": {""config"": {""max_features"": 1.0, ""max_leaves"": 22, ""n_estimators"": 294}, ""estimator"": ""extra_tree"", ""n_splits"": 3}, ""outcome_1"": {""config"": {""colsample_bylevel"": 0.8343794711869168, ""colsample_bytree"": 0.8279391245686714, ""learning_rate"": 1.0, ""max_depth"": 6, ""min_child_weight"": 61.26475379244844, ""n_estimators"": 9, ""reg_alpha"": 0.010372770641867177, ""reg_lambda"": 1.6244698596422462, ""subsample"": 0.6287173111615398}, ""estimator"": ""xgb_limitdepth"", ""n_splits"": 3}}",492759.0,492760,900.0,TLearnerWrapper.estimate_ate
12245.3139709061,-11212.709114562114,-12922.82421875,1710.1151041878857,0.1323329231473504,2975.686525899639,,3603.140631341841,T-learner,psid,5,cpu,1800.207558610011,1802.9330727318302,"{""outcome_0"": {""config"": {""max_features"": 0.7598164748321045, ""max_leaves"": 24, ""n_estimators"": 5}, ""estimator"": ""extra_tree"", ""n_splits"": 3}, ""outcome_1"": {""config"": {""max_features"": 0.7046844928335202, ""max_leaves"": 5, ""n_estimators"": 41}, ""estimator"": ""rf"", ""n_splits"": 3}}","{""outcome_0"": {""config"": {""max_features"": 1.0, ""max_leaves"": 23, ""n_estimators"": 135}, ""estimator"": ""extra_tree"", ""n_splits"": 3}, ""outcome_1"": {""config"": {""colsample_bylevel"": 0.9717529861155026, ""colsample_bytree"": 1.0, ""learning_rate"": 0.07664755805133125, ""max_leaves"": 4, ""min_child_weight"": 0.14985897937091358, ""n_estimators"": 4, ""reg_alpha"": 0.0016052478864628501, ""reg_lambda"": 0.00874449532038234, ""subsample"": 0.8140799820968574}, ""estimator"": ""xgboost"", ""n_splits"": 3}}",492769.0,492770,900.0,TLearnerWrapper.estimate_ate
16057.161621170277,-13150.975858273736,-13823.197265625,672.2214073512641,0.04862995112009523,1308.0233321154296,,3609.5825465656817,T-learner,psid,6,cpu,1805.1792277200148,1804.403318845667,"{""outcome_0"": {""config"": {""max_features"": 1.0, ""max_leaves"": 15, ""n_estimators"": 2047}, ""estimator"": ""extra_tree"", ""n_splits"": 3}, ""outcome_1"": {""config"": {""colsample_bylevel"": 1.0, ""colsample_bytree"": 1.0, ""learning_rate"": 0.3519635863891544, ""max_leaves"": 4, ""min_child_weight"": 0.2333957581735632, ""n_estimators"": 4, ""reg_alpha"": 0.008282865740399022, ""reg_lambda"": 0.13267650928986188, ""subsample"": 0.9171587793196962}, ""estimator"": ""xgboost"", ""n_splits"": 3}}","{""outcome_0"": {""config"": {""max_features"": 1.0, ""max_leaves"": 21, ""n_estimators"": 164}, ""estimator"": ""extra_tree"", ""n_splits"": 3}, ""outcome_1"": {""config"": {""colsample_bylevel"": 0.8465919127803387, ""colsample_bytree"": 0.882511079218995, ""learning_rate"": 0.32910235373590796, ""max_leaves"": 9, ""min_child_weight"": 3.147081664246133, ""n_estimators"": 4, ""reg_alpha"": 0.01019961517362433, ""reg_lambda"": 10.459138027232488, ""subsample"": 0.8004284181479142}, ""estimator"": ""xgboost"", ""n_splits"": 3}}",492779.0,492780,900.0,TLearnerWrapper.estimate_ate
14768.869431328554,-12619.590468114695,-13007.2373046875,387.6468365728051,0.0298023959655759,-1759.9354472516188,,3603.7326420466416,T-learner,psid,7,cpu,1801.7105324259028,1802.0221096207388,"{""outcome_0"": {""config"": {""max_features"": 0.9177873744248903, ""max_leaves"": 14, ""n_estimators"": 22}, ""estimator"": ""extra_tree"", ""n_splits"": 3}, ""outcome_1"": {""config"": {""colsample_bylevel"": 0.6682266180439455, ""colsample_bytree"": 0.880814465216777, ""learning_rate"": 0.08135773488783392, ""max_leaves"": 4, ""min_child_weight"": 5.391708598194789, ""n_estimators"": 5, ""reg_alpha"": 0.0009765625, ""reg_lambda"": 4.891223776693157, ""subsample"": 0.9661106209889765}, ""estimator"": ""xgboost"", ""n_splits"": 3}}","{""outcome_0"": {""config"": {""max_features"": 0.9003456635326906, ""max_leaves"": 23, ""n_estimators"": 47}, ""estimator"": ""extra_tree"", ""n_splits"": 3}, ""outcome_1"": {""config"": {""colsample_bytree"": 0.7224113427268665, ""learning_rate"": 0.07885767922149699, ""log_max_bin"": 7, ""min_child_samples"": 38, ""n_estimators"": 4, ""num_leaves"": 18, ""reg_alpha"": 0.0009765625, ""reg_lambda"": 38.09607698932367}, ""estimator"": ""lgbm"", ""n_splits"": 3}}",492789.0,492790,900.0,TLearnerWrapper.estimate_ate
12862.993233156696,-13269.580652510906,-13258.607421875,10.973230635905566,0.0008276307071127898,1914.0409176812243,,3608.794825758785,T-learner,psid,8,cpu,1800.7212850209326,1808.0735407378525,"{""outcome_0"": {""config"": {""max_features"": 1.0, ""max_leaves"": 20, ""n_estimators"": 548}, ""estimator"": ""extra_tree"", ""n_splits"": 3}, ""outcome_1"": {""config"": {""max_features"": 0.8762361590998838, ""max_leaves"": 6, ""n_estimators"": 5}, ""estimator"": ""extra_tree"", ""n_splits"": 3}}","{""outcome_0"": {""config"": {""max_features"": 1.0, ""max_leaves"": 25, ""n_estimators"": 165}, ""estimator"": ""extra_tree"", ""n_splits"": 3}, ""outcome_1"": {""config"": {""colsample_bylevel"": 0.643549876873944, ""colsample_bytree"": 0.8268597876519034, ""learning_rate"": 0.2478442442008268, ""max_depth"": 6, ""min_child_weight"": 0.6298887519310765, ""n_estimators"": 10, ""reg_alpha"": 0.13119782407292369, ""reg_lambda"": 154.26101509163757, ""subsample"": 0.6063172582949503}, ""estimator"": ""xgb_limitdepth"", ""n_splits"": 3}}",492799.0,492800,900.0,TLearnerWrapper.estimate_ate
14930.540506693986,-14240.138558795717,-13162.4794921875,1077.6590666082175,0.08187356092345943,-2083.5181372628285,,3619.60132158082,T-learner,psid,9,cpu,1816.4523784839548,1803.148943096865,"{""outcome_0"": {""config"": {""colsample_bytree"": 0.8337836812088786, ""learning_rate"": 0.1537682947636419, ""log_max_bin"": 10, ""min_child_samples"": 4, ""n_estimators"": 49, ""num_leaves"": 4, ""reg_alpha"": 0.004577823970660193, ""reg_lambda"": 7.558736003647245}, ""estimator"": ""lgbm"", ""n_splits"": 3}, ""outcome_1"": {""config"": {""colsample_bylevel"": 0.6051784131764933, ""colsample_bytree"": 0.6148107825792053, ""learning_rate"": 0.5380501603756015, ""max_leaves"": 11, ""min_child_weight"": 43.070897587898095, ""n_estimators"": 10, ""reg_alpha"": 0.003482195036687996, ""reg_lambda"": 38.9228920311479, ""subsample"": 0.7820061513612687}, ""estimator"": ""xgboost"", ""n_splits"": 3}}","{""outcome_0"": {""config"": {""max_features"": 0.6931853073230616, ""max_leaves"": 48, ""n_estimators"": 14}, ""estimator"": ""extra_tree"", ""n_splits"": 3}, ""outcome_1"": {""config"": {""colsample_bylevel"": 0.8353137958568294, ""colsample_bytree"": 0.9388414867390577, ""learning_rate"": 0.09280216288414887, ""max_depth"": 6, ""min_child_weight"": 4.198398125145905, ""n_estimators"": 5, ""reg_alpha"": 0.001064125961473788, ""reg_lambda"": 4.353196893808725, ""subsample"": 0.794572358392023}, ""estimator"": ""xgb_limitdepth"", ""n_splits"": 3}}",492809.0,492810,900.0,TLearnerWrapper.estimate_ate
14538.392864906284,1243.5624262329593,-6977.12744140625,8220.689867639208,1.178234156773627,9183.89552800956,,5448.934576915111,X-learner,cps,0,cpu,2704.934403350111,2744.0001735650003,"{""outcome_0"": {""config"": {""max_features"": 0.7298832792421877, ""max_leaves"": 166, ""n_estimators"": 68}, ""estimator"": ""extra_tree"", ""n_splits"": 3}, ""outcome_1"": {""config"": {""max_features"": 0.1, ""max_leaves"": 6, ""n_estimators"": 4}, ""estimator"": ""rf"", ""n_splits"": 3}, ""propensity"": {""config"": {""criterion"": ""entropy"", ""max_features"": 0.5514130168678547, ""max_leaves"": 27, ""n_estimators"": 31}, ""estimator"": ""extra_tree"", ""n_splits"": 3}}","{""outcome_0"": {""config"": {""colsample_bylevel"": 0.8182737361783602, ""colsample_bytree"": 0.8031986460435498, ""learning_rate"": 0.1115271479445595, ""max_leaves"": 11, ""min_child_weight"": 25.455890941029228, ""n_estimators"": 32, ""reg_alpha"": 0.0028713182433880735, ""reg_lambda"": 0.08662120786561324, ""subsample"": 1.0}, ""estimator"": ""xgboost"", ""n_splits"": 3}, ""outcome_1"": {""config"": {""colsample_bytree"": 0.8880069658004732, ""learning_rate"": 0.12811600114854774, ""log_max_bin"": 8, ""min_child_samples"": 32, ""n_estimators"": 6, ""num_leaves"": 5, ""reg_alpha"": 0.0182310101503482, ""reg_lambda"": 1.4419636298817953}, ""estimator"": ""lgbm"", ""n_splits"": 3}, ""propensity"": {""config"": {""criterion"": ""entropy"", ""max_features"": 0.41725401576424215, ""max_leaves"": 18, ""n_estimators"": 9}, ""estimator"": ""extra_tree"", ""n_splits"": 3}}",582719.0,582720,900.0,XLearnerWrapper.estimate_ate
10922.566259956906,-2424.122404075974,-7082.3935546875,4658.2711506115265,0.6577255435800883,4540.509528342151,,5425.347824817058,X-learner,cps,1,cpu,2711.344998624176,2714.002826192882,"{""outcome_0"": {""config"": {""max_features"": 0.6058257015322115, ""max_leaves"": 149, ""n_estimators"": 991}, ""estimator"": ""extra_tree"", ""n_splits"": 3}, ""outcome_1"": {""config"": {""colsample_bylevel"": 1.0, ""colsample_bytree"": 0.9013070887791416, ""learning_rate"": 0.25912534572860507, ""max_leaves"": 5, ""min_child_weight"": 0.26208115308159446, ""n_estimators"": 5, ""reg_alpha"": 0.001393361738014426, ""reg_lambda"": 0.18096917948292968, ""subsample"": 0.9266743941610592}, ""estimator"": ""xgboost"", ""n_splits"": 3}, ""propensity"": {""config"": {""criterion"": ""entropy"", ""max_features"": 0.8295511070476471, ""max_leaves"": 35, ""n_estimators"": 19}, ""estimator"": ""extra_tree"", ""n_splits"": 3}}","{""outcome_0"": {""config"": {""max_features"": 0.539324527557212, ""max_leaves"": 173, ""n_estimators"": 674}, ""estimator"": ""extra_tree"", ""n_splits"": 3}, ""outcome_1"": {""config"": {""colsample_bylevel"": 0.7871095066136292, ""colsample_bytree"": 1.0, ""learning_rate"": 0.09505850451905135, ""max_depth"": 5, ""min_child_weight"": 2.6471373397827658, ""n_estimators"": 10, ""reg_alpha"": 0.0009765625, ""reg_lambda"": 1.0947183943020449, ""subsample"": 0.9661106209889765}, ""estimator"": ""xgb_limitdepth"", ""n_splits"": 3}, ""propensity"": {""config"": {""criterion"": ""entropy"", ""max_features"": 0.3963913681137885, ""max_leaves"": 18, ""n_estimators"": 911}, ""estimator"": ""rf"", ""n_splits"": 3}}",582729.0,582730,900.0,XLearnerWrapper.estimate_ate
12308.606076830934,-598.4927938898785,-7037.5419921875,6439.049198297622,0.9149571264280305,6008.2298321744565,,5407.921965204645,X-learner,cps,2,cpu,2705.9058822090738,2702.016082995571,"{""outcome_0"": {""config"": {""max_features"": 0.7217725721761586, ""max_leaves"": 129, ""n_estimators"": 329}, ""estimator"": ""extra_tree"", ""n_splits"": 3}, ""outcome_1"": {""config"": {""colsample_bytree"": 1.0, ""learning_rate"": 0.2354620680776317, ""log_max_bin"": 9, ""min_child_samples"": 9, ""n_estimators"": 4, ""num_leaves"": 7, ""reg_alpha"": 0.0009765625, ""reg_lambda"": 2.712461058607153}, ""estimator"": ""lgbm"", ""n_splits"": 3}, ""propensity"": {""config"": {""criterion"": ""entropy"", ""max_features"": 0.48445806534888675, ""max_leaves"": 60, ""n_estimators"": 24}, ""estimator"": ""rf"", ""n_splits"": 3}}","{""outcome_0"": {""config"": {""max_features"": 0.6457985281605031, ""max_leaves"": 130, ""n_estimators"": 476}, ""estimator"": ""extra_tree"", ""n_splits"": 3}, ""outcome_1"": {""config"": {""max_features"": 0.1386646988842258, ""max_leaves"": 5, ""n_estimators"": 4}, ""estimator"": ""extra_tree"", ""n_splits"": 3}, ""propensity"": {""config"": {""C"": 64.00000000000004}, ""estimator"": ""lrl2"", ""n_splits"": 3}}",582739.0,582740,900.0,XLearnerWrapper.estimate_ate
13571.145604093097,-349.63410709331885,-7032.99267578125,6683.358568687931,0.950286581655798,7805.313824142897,,5405.539177142084,X-learner,cps,3,cpu,2702.470956516452,2703.0682206256315,"{""outcome_0"": {""config"": {""max_features"": 0.6657532395597934, ""max_leaves"": 162, ""n_estimators"": 107}, ""estimator"": ""extra_tree"", ""n_splits"": 3}, ""outcome_1"": {""config"": {""max_features"": 0.1, ""max_leaves"": 9, ""n_estimators"": 5}, ""estimator"": ""extra_tree"", ""n_splits"": 3}, ""propensity"": {""config"": {""criterion"": ""entropy"", ""max_features"": 0.5245711600956218, ""max_leaves"": 42, ""n_estimators"": 86}, ""estimator"": ""extra_tree"", ""n_splits"": 3}}","{""outcome_0"": {""config"": {""max_features"": 0.6753807147769174, ""max_leaves"": 91, ""n_estimators"": 109}, ""estimator"": ""extra_tree"", ""n_splits"": 3}, ""outcome_1"": {""config"": {""max_features"": 0.3554200159773203, ""max_leaves"": 6, ""n_estimators"": 43}, ""estimator"": ""extra_tree"", ""n_splits"": 3}, ""propensity"": {""config"": {""criterion"": ""entropy"", ""max_features"": 0.6359352113803378, ""max_leaves"": 46, ""n_estimators"": 14}, ""estimator"": ""extra_tree"", ""n_splits"": 3}}",582749.0,582750,900.0,XLearnerWrapper.estimate_ate
10943.039702977967,-384.5091256117146,-7018.77880859375,6634.269682982035,0.9452170903077362,4251.163556481763,,5421.609654108062,X-learner,cps,4,cpu,2704.9616913790815,2716.647962728981,"{""outcome_0"": {""config"": {""max_features"": 0.6204380761945737, ""max_leaves"": 126, ""n_estimators"": 607}, ""estimator"": ""extra_tree"", ""n_splits"": 3}, ""outcome_1"": {""config"": {""max_features"": 0.2356786513483773, ""max_leaves"": 15, ""n_estimators"": 78}, ""estimator"": ""rf"", ""n_splits"": 3}, ""propensity"": {""config"": {""criterion"": ""entropy"", ""max_features"": 0.3096712059338648, ""max_leaves"": 96, ""n_estimators"": 19}, ""estimator"": ""extra_tree"", ""n_splits"": 3}}","{""outcome_0"": {""config"": {""max_features"": 0.677880400794579, ""max_leaves"": 123, ""n_estimators"": 304}, ""estimator"": ""extra_tree"", ""n_splits"": 3}, ""outcome_1"": {""config"": {""colsample_bylevel"": 0.8833142421826156, ""colsample_bytree"": 0.9423882066359944, ""learning_rate"": 0.04482513516995935, ""max_leaves"": 15, ""min_child_weight"": 3.421365438374716, ""n_estimators"": 6, ""reg_alpha"": 0.0021045519037984008, ""reg_lambda"": 0.9075329642900627, ""subsample"": 0.8325204042664569}, ""estimator"": ""xgboost"", ""n_splits"": 3}, ""propensity"": {""config"": {""criterion"": ""gini"", ""max_features"": 0.30727335513771115, ""max_leaves"": 210, ""n_estimators"": 67}, ""estimator"": ""extra_tree"", ""n_splits"": 3}}",582759.0,582760,900.0,XLearnerWrapper.estimate_ate
11735.367024784297,-233.13747317950867,-7084.69677734375,6851.559304164241,0.967092808553962,5607.241153913685,,5411.430176806636,X-learner,cps,5,cpu,2707.1158238197677,2704.3143529868685,"{""outcome_0"": {""config"": {""max_features"": 0.5800672492107835, ""max_leaves"": 110, ""n_estimators"": 164}, ""estimator"": ""extra_tree"", ""n_splits"": 3}, ""outcome_1"": {""config"": {""colsample_bylevel"": 0.3840772205792645, ""colsample_bytree"": 0.5601577524794434, ""learning_rate"": 0.7681734325088304, ""max_leaves"": 5, ""min_child_weight"": 2.215049916581321, ""n_estimators"": 8, ""reg_alpha"": 0.0009765625, ""reg_lambda"": 40.254881265345205, ""subsample"": 0.880494695625913}, ""estimator"": ""xgboost"", ""n_splits"": 3}, ""propensity"": {""config"": {""criterion"": ""entropy"", ""max_features"": 0.4708379362520064, ""max_leaves"": 39, ""n_estimators"": 6}, ""estimator"": ""extra_tree"", ""n_splits"": 3}}","{""outcome_0"": {""config"": {""max_features"": 0.5532492121932502, ""max_leaves"": 175, ""n_estimators"": 227}, ""estimator"": ""extra_tree"", ""n_splits"": 3}, ""outcome_1"": {""config"": {""n_neighbors"": 79}, ""estimator"": ""kneighbor"", ""n_splits"": 3}, ""propensity"": {""config"": {""C"": 3.3807874406027794}, ""estimator"": ""lrl2"", ""n_splits"": 3}}",582769.0,582770,900.0,XLearnerWrapper.estimate_ate
11764.350985418345,-1069.4191728952949,-7150.3271484375,6080.907975542205,0.8504377281342309,5727.6303092463795,,5429.548742781859,X-learner,cps,6,cpu,2720.182801828254,2709.365940953605,"{""outcome_0"": {""config"": {""max_features"": 0.6932433384002586, ""max_leaves"": 99, ""n_estimators"": 73}, ""estimator"": ""extra_tree"", ""n_splits"": 3}, ""outcome_1"": {""config"": {""colsample_bylevel"": 0.9302018798842822, ""colsample_bytree"": 0.8498910866466884, ""learning_rate"": 0.2167698054883404, ""max_depth"": 6, ""min_child_weight"": 0.025006706652393833, ""n_estimators"": 4, ""reg_alpha"": 0.017033855130481616, ""reg_lambda"": 0.7981073053296615, ""subsample"": 0.6559536628976805}, ""estimator"": ""xgb_limitdepth"", ""n_splits"": 3}, ""propensity"": {""config"": {""colsample_bytree"": 0.6676595655283906, ""learning_rate"": 0.055963631006850124, ""log_max_bin"": 10, ""min_child_samples"": 19, ""n_estimators"": 37, ""num_leaves"": 4, ""reg_alpha"": 0.0009765625, ""reg_lambda"": 0.06992945768794141}, ""estimator"": ""lgbm"", ""n_splits"": 3}}","{""outcome_0"": {""config"": {""max_features"": 0.6139794777965584, ""max_leaves"": 77, ""n_estimators"": 247}, ""estimator"": ""rf"", ""n_splits"": 3}, ""outcome_1"": {""config"": {""colsample_bylevel"": 0.9055040508719772, ""colsample_bytree"": 0.913808955319063, ""learning_rate"": 0.4004517944702221, ""max_leaves"": 4, ""min_child_weight"": 31.388355475105918, ""n_estimators"": 6, ""reg_alpha"": 0.013775011870746603, ""reg_lambda"": 0.3525316844419893, ""subsample"": 0.9144537430387987}, ""estimator"": ""xgboost"", ""n_splits"": 3}, ""propensity"": {""config"": {""criterion"": ""entropy"", ""max_features"": 0.35766417869926376, ""max_leaves"": 19, ""n_estimators"": 35}, ""estimator"": ""rf"", ""n_splits"": 3}}",582779.0,582780,900.0,XLearnerWrapper.estimate_ate
10777.232188630498,-2741.2677114318876,-7098.8935546875,4357.625843255612,0.6138457788780439,4329.88930636077,,5410.945509331301,X-learner,cps,7,cpu,2706.877283838112,2704.068225493189,"{""outcome_0"": {""config"": {""max_features"": 0.5006499694279373, ""max_leaves"": 133, ""n_estimators"": 1616}, ""estimator"": ""extra_tree"", ""n_splits"": 3}, ""outcome_1"": {""config"": {""max_features"": 0.568587990691351, ""max_leaves"": 13, ""n_estimators"": 13}, ""estimator"": ""extra_tree"", ""n_splits"": 3}, ""propensity"": {""config"": {""criterion"": ""entropy"", ""max_features"": 0.41306660368820575, ""max_leaves"": 29, ""n_estimators"": 9}, ""estimator"": ""extra_tree"", ""n_splits"": 3}}","{""outcome_0"": {""config"": {""max_features"": 0.5415338657697631, ""max_leaves"": 193, ""n_estimators"": 121}, ""estimator"": ""extra_tree"", ""n_splits"": 3}, ""outcome_1"": {""config"": {""colsample_bylevel"": 0.01, ""colsample_bytree"": 0.7708916896205492, ""learning_rate"": 0.39705314229682775, ""max_depth"": 5, ""min_child_weight"": 0.0012427760477967764, ""n_estimators"": 4, ""reg_alpha"": 0.008306395321126306, ""reg_lambda"": 0.0009765625, ""subsample"": 0.988282196754571}, ""estimator"": ""xgb_limitdepth"", ""n_splits"": 3}, ""propensity"": {""config"": {""criterion"": ""entropy"", ""max_features"": 0.40265243934976996, ""max_leaves"": 88, ""n_estimators"": 76}, ""estimator"": ""extra_tree"", ""n_splits"": 3}}",582789.0,582790,900.0,XLearnerWrapper.estimate_ate
11339.539389862444,-1696.3742957730528,-7091.86376953125,5395.489473758197,0.760799932019452,5068.356226361726,,5445.810839295387,X-learner,cps,8,cpu,2712.8842724803835,2732.9265668150038,"{""outcome_0"": {""config"": {""max_features"": 0.6074471805603656, ""max_leaves"": 132, ""n_estimators"": 419}, ""estimator"": ""extra_tree"", ""n_splits"": 3}, ""outcome_1"": {""config"": {""colsample_bylevel"": 1.0, ""colsample_bytree"": 1.0, ""learning_rate"": 0.13989221753805287, ""max_leaves"": 6, ""min_child_weight"": 16.52834631715459, ""n_estimators"": 14, ""reg_alpha"": 0.02485965718020627, ""reg_lambda"": 13.50146069837014, ""subsample"": 1.0}, ""estimator"": ""xgboost"", ""n_splits"": 3}, ""propensity"": {""config"": {""criterion"": ""entropy"", ""max_features"": 0.3581865224852331, ""max_leaves"": 50, ""n_estimators"": 14}, ""estimator"": ""extra_tree"", ""n_splits"": 3}}","{""outcome_0"": {""config"": {""colsample_bylevel"": 1.0, ""colsample_bytree"": 0.9013070887791416, ""learning_rate"": 0.24978664138402903, ""max_leaves"": 8, ""min_child_weight"": 30.26493249468933, ""n_estimators"": 20, ""reg_alpha"": 0.0009765625, ""reg_lambda"": 0.04230186176403896, ""subsample"": 1.0}, ""estimator"": ""xgboost"", ""n_splits"": 3}, ""outcome_1"": {""config"": {""colsample_bytree"": 0.9389674906958729, ""learning_rate"": 0.31780926907587126, ""log_max_bin"": 10, ""min_child_samples"": 17, ""n_estimators"": 5, ""num_leaves"": 15, ""reg_alpha"": 0.06002965385019587, ""reg_lambda"": 2.861888533715728}, ""estimator"": ""lgbm"", ""n_splits"": 3}, ""propensity"": {""config"": {""colsample_bytree"": 1.0, ""learning_rate"": 0.17262265446323355, ""log_max_bin"": 6, ""min_child_samples"": 14, ""n_estimators"": 48, ""num_leaves"": 4, ""reg_alpha"": 0.002899072033187631, ""reg_lambda"": 18.34693890423442}, ""estimator"": ""lgbm"", ""n_splits"": 3}}",582799.0,582800,900.0,XLearnerWrapper.estimate_ate
11091.981362981569,493.23102591844406,-6980.4052734375,7473.636299355944,1.0706593681293302,4486.9443395176095,,5553.551179245114,X-learner,cps,9,cpu,2711.324130914174,2842.2270483309403,"{""outcome_0"": {""config"": {""max_features"": 0.5532492121932502, ""max_leaves"": 168, ""n_estimators"": 227}, ""estimator"": ""extra_tree"", ""n_splits"": 3}, ""outcome_1"": {""config"": {""colsample_bylevel"": 1.0, ""colsample_bytree"": 0.7738285552443382, ""learning_rate"": 1.0, ""max_leaves"": 5, ""min_child_weight"": 0.04249542333119931, ""n_estimators"": 4, ""reg_alpha"": 0.0855787383955588, ""reg_lambda"": 30.852328925847335, ""subsample"": 0.6784477225590061}, ""estimator"": ""xgboost"", ""n_splits"": 3}, ""propensity"": {""config"": {""colsample_bylevel"": 0.5605529377920466, ""colsample_bytree"": 0.7427790665802441, ""learning_rate"": 0.5265191136663325, ""max_leaves"": 7, ""min_child_weight"": 5.50275537647984, ""n_estimators"": 12, ""reg_alpha"": 0.0017607866203119683, ""reg_lambda"": 3.9305540478113747, ""subsample"": 0.9833384410269449}, ""estimator"": ""xgboost"", ""n_splits"": 3}}","{""outcome_0"": {""config"": {""colsample_bylevel"": 1.0, ""colsample_bytree"": 0.9013070887791416, ""learning_rate"": 0.24978664138402903, ""max_leaves"": 8, ""min_child_weight"": 30.26493249468933, ""n_estimators"": 20, ""reg_alpha"": 0.0009765625, ""reg_lambda"": 0.04230186176403896, ""subsample"": 1.0}, ""estimator"": ""xgboost"", ""n_splits"": 3}, ""outcome_1"": {""config"": {""max_features"": 0.13243613952450098, ""max_leaves"": 5, ""n_estimators"": 4}, ""estimator"": ""extra_tree"", ""n_splits"": 3}, ""propensity"": {""config"": {""colsample_bylevel"": 0.512492191566492, ""colsample_bytree"": 0.8237508436731331, ""learning_rate"": 0.06990646864627655, ""max_leaves"": 91, ""min_child_weight"": 4.294004458441133, ""n_estimators"": 83, ""reg_alpha"": 0.001908269199465285, ""reg_lambda"": 0.4739395908496986, ""subsample"": 0.7874122982429567}, ""estimator"": ""xgboost"", ""n_splits"": 3}}",582809.0,582810,900.0,XLearnerWrapper.estimate_ate
17332.633386280475,-5189.873637926903,-13856.3720703125,8666.498432385597,0.625452202669085,7959.88442856874,,5414.798396080267,X-learner,psid,0,cpu,2712.070264697075,2702.728131383192,"{""outcome_0"": {""config"": {""max_features"": 1.0, ""max_leaves"": 28, ""n_estimators"": 16}, ""estimator"": ""extra_tree"", ""n_splits"": 3}, ""outcome_1"": {""config"": {""colsample_bylevel"": 0.7802153660457098, ""colsample_bytree"": 0.9967777762859156, ""learning_rate"": 0.23231485955014972, ""max_leaves"": 4, ""min_child_weight"": 2.3559673377401613, ""n_estimators"": 4, ""reg_alpha"": 0.05541019349323552, ""reg_lambda"": 0.42391285706967063, ""subsample"": 0.9010974297256181}, ""estimator"": ""xgboost"", ""n_splits"": 3}, ""propensity"": {""config"": {""colsample_bylevel"": 1.0, ""colsample_bytree"": 0.987965389046275, ""learning_rate"": 0.2552385897808022, ""max_leaves"": 4, ""min_child_weight"": 14.055128957940484, ""n_estimators"": 29, ""reg_alpha"": 0.006535953249353212, ""reg_lambda"": 0.08825858949737411, ""subsample"": 0.8770564294677118}, ""estimator"": ""xgboost"", ""n_splits"": 3}}","{""outcome_0"": {""config"": {""max_features"": 1.0, ""max_leaves"": 22, ""n_estimators"": 380}, ""estimator"": ""extra_tree"", ""n_splits"": 3}, ""outcome_1"": {""config"": {""max_features"": 0.37354094610877153, ""max_leaves"": 4, ""n_estimators"": 13}, ""estimator"": ""rf"", ""n_splits"": 3}, ""propensity"": {""config"": {""criterion"": ""entropy"", ""max_features"": 0.5241197685368935, ""max_leaves"": 5, ""n_estimators"": 10}, ""estimator"": ""rf"", ""n_splits"": 3}}",592719.0,592720,900.0,XLearnerWrapper.estimate_ate
19159.144695616018,-1692.0829515325324,-13811.56640625,12119.483454717467,0.8774879762533229,11107.654833608598,,5439.376323427074,X-learner,psid,1,cpu,2709.3481457419693,2730.0281776851043,"{""outcome_0"": {""config"": {""max_features"": 1.0, ""max_leaves"": 19, ""n_estimators"": 308}, ""estimator"": ""extra_tree"", ""n_splits"": 3}, ""outcome_1"": {""config"": {""colsample_bylevel"": 0.7428089710363853, ""colsample_bytree"": 0.7484807292370901, ""learning_rate"": 0.051065551302077024, ""max_depth"": 5, ""min_child_weight"": 0.28426311451754627, ""n_estimators"": 9, ""reg_alpha"": 0.0009765625, ""reg_lambda"": 1.7710079303691182, ""subsample"": 0.9479539249529578}, ""estimator"": ""xgb_limitdepth"", ""n_splits"": 3}, ""propensity"": {""config"": {""C"": 0.45004708534992693}, ""estimator"": ""lrl1"", ""n_splits"": 3}}","{""outcome_0"": {""config"": {""max_features"": 0.7591272085600009, ""max_leaves"": 35, ""n_estimators"": 802}, ""estimator"": ""extra_tree"", ""n_splits"": 3}, ""outcome_1"": {""config"": {""colsample_bytree"": 0.758596434131098, ""learning_rate"": 0.2187510240500311, ""log_max_bin"": 6, ""min_child_samples"": 15, ""n_estimators"": 4, ""num_leaves"": 10, ""reg_alpha"": 0.03604764149898578, ""reg_lambda"": 35.64830781914911}, ""estimator"": ""lgbm"", ""n_splits"": 3}, ""propensity"": {""config"": {""C"": 161.3945811917896}, ""estimator"": ""lrl2"", ""n_splits"": 3}}",592729.0,592730,900.0,XLearnerWrapper.estimate_ate
19585.477450581104,-2935.7745741224794,-13880.02734375,10944.252769627521,0.7884892802136801,10495.332153590758,,5410.561477887444,X-learner,psid,2,cpu,2705.4225025610067,2705.1389753264375,"{""outcome_0"": {""config"": {""max_features"": 1.0, ""max_leaves"": 25, ""n_estimators"": 69}, ""estimator"": ""extra_tree"", ""n_splits"": 3}, ""outcome_1"": {""config"": {""colsample_bylevel"": 1.0, ""colsample_bytree"": 0.9468117873770695, ""learning_rate"": 0.31559511851974764, ""max_leaves"": 6, ""min_child_weight"": 0.3777665725806505, ""n_estimators"": 4, ""reg_alpha"": 0.03583978822211466, ""reg_lambda"": 0.9134769317889893, ""subsample"": 0.9605637731720826}, ""estimator"": ""xgboost"", ""n_splits"": 3}, ""propensity"": {""config"": {""criterion"": ""gini"", ""max_features"": 1.0, ""max_leaves"": 27, ""n_estimators"": 203}, ""estimator"": ""extra_tree"", ""n_splits"": 3}}","{""outcome_0"": {""config"": {""max_features"": 1.0, ""max_leaves"": 19, ""n_estimators"": 20}, ""estimator"": ""extra_tree"", ""n_splits"": 3}, ""outcome_1"": {""config"": {""colsample_bytree"": 0.1383310821006794, ""learning_rate"": 1.0, ""log_max_bin"": 10, ""min_child_samples"": 58, ""n_estimators"": 16, ""num_leaves"": 4, ""reg_alpha"": 0.0009765625, ""reg_lambda"": 0.5005264222548383}, ""estimator"": ""lgbm"", ""n_splits"": 3}, ""propensity"": {""config"": {""C"": 0.039704276539889956}, ""estimator"": ""lrl1"", ""n_splits"": 3}}",592739.0,592740,900.0,XLearnerWrapper.estimate_ate
18021.76242537592,-860.3726350894648,-13422.94140625,12562.568771160535,0.9359028241978158,9946.827182912115,,5403.123111963272,X-learner,psid,3,cpu,2701.874441732187,2701.2486702310853,"{""outcome_0"": {""config"": {""max_features"": 0.9337719614111029, ""max_leaves"": 26, ""n_estimators"": 8}, ""estimator"": ""extra_tree"", ""n_splits"": 3}, ""outcome_1"": {""config"": {""max_features"": 0.24446830633503525, ""max_leaves"": 10, ""n_estimators"": 15}, ""estimator"": ""extra_tree"", ""n_splits"": 3}, ""propensity"": {""config"": {""C"": 1.0}, ""estimator"": ""lrl1"", ""n_splits"": 3}}","{""outcome_0"": {""config"": {""max_features"": 1.0, ""max_leaves"": 21, ""n_estimators"": 86}, ""estimator"": ""extra_tree"", ""n_splits"": 3}, ""outcome_1"": {""config"": {""max_features"": 0.19027204182658253, ""max_leaves"": 4, ""n_estimators"": 8}, ""estimator"": ""extra_tree"", ""n_splits"": 3}, ""propensity"": {""config"": {""C"": 0.6408068463418051}, ""estimator"": ""lrl1"", ""n_splits"": 3}}",592749.0,592750,900.0,XLearnerWrapper.estimate_ate
21218.595740331468,1749.4119325107783,-13357.1513671875,15106.563299698279,1.1309719328925916,8700.211237444806,,5417.275912501849,X-learner,psid,4,cpu,2707.5527911861427,2709.7231213157065,"{""outcome_0"": {""config"": {""max_features"": 1.0, ""max_leaves"": 19, ""n_estimators"": 95}, ""estimator"": ""extra_tree"", ""n_splits"": 3}, ""outcome_1"": {""config"": {""colsample_bylevel"": 0.9390206913728023, ""colsample_bytree"": 0.9013852636577612, ""learning_rate"": 1.0, ""max_depth"": 4, ""min_child_weight"": 32.66777671046742, ""n_estimators"": 13, ""reg_alpha"": 0.01503210006335898, ""reg_lambda"": 1.7576810141789376, ""subsample"": 0.739803499720342}, ""estimator"": ""xgb_limitdepth"", ""n_splits"": 3}, ""propensity"": {""config"": {""criterion"": ""entropy"", ""max_features"": 0.5310406360110435, ""max_leaves"": 4, ""n_estimators"": 23}, ""estimator"": ""rf"", ""n_splits"": 3}}","{""outcome_0"": {""config"": {""max_features"": 1.0, ""max_leaves"": 22, ""n_estimators"": 294}, ""estimator"": ""extra_tree"", ""n_splits"": 3}, ""outcome_1"": {""config"": {""colsample_bylevel"": 0.8343794711869168, ""colsample_bytree"": 0.8279391245686714, ""learning_rate"": 1.0, ""max_depth"": 6, ""min_child_weight"": 61.26475379244844, ""n_estimators"": 9, ""reg_alpha"": 0.010372770641867177, ""reg_lambda"": 1.6244698596422462, ""subsample"": 0.6287173111615398}, ""estimator"": ""xgb_limitdepth"", ""n_splits"": 3}, ""propensity"": {""config"": {""criterion"": ""entropy"", ""max_features"": 0.8823799127513431, ""max_leaves"": 4, ""n_estimators"": 504}, ""estimator"": ""rf"", ""n_splits"": 3}}",592759.0,592760,900.0,XLearnerWrapper.estimate_ate
22277.404486099138,394.08727374653597,-12922.82421875,13316.911492496536,1.030495444886145,13951.169766564868,,5430.288871944882,X-learner,psid,5,cpu,2722.8310153577477,2707.4578565871343,"{""outcome_0"": {""config"": {""max_features"": 0.8159466235328016, ""max_leaves"": 24, ""n_estimators"": 5}, ""estimator"": ""extra_tree"", ""n_splits"": 3}, ""outcome_1"": {""config"": {""max_features"": 0.7046844928335202, ""max_leaves"": 5, ""n_estimators"": 41}, ""estimator"": ""rf"", ""n_splits"": 3}, ""propensity"": {""config"": {""C"": 29.835943310114764}, ""estimator"": ""lrl2"", ""n_splits"": 3}}","{""outcome_0"": {""config"": {""max_features"": 1.0, ""max_leaves"": 23, ""n_estimators"": 135}, ""estimator"": ""extra_tree"", ""n_splits"": 3}, ""outcome_1"": {""config"": {""colsample_bylevel"": 0.9717529861155026, ""colsample_bytree"": 1.0, ""learning_rate"": 0.07664755805133125, ""max_leaves"": 4, ""min_child_weight"": 0.14985897937091358, ""n_estimators"": 4, ""reg_alpha"": 0.0016052478864628501, ""reg_lambda"": 0.00874449532038234, ""subsample"": 0.8140799820968574}, ""estimator"": ""xgboost"", ""n_splits"": 3}, ""propensity"": {""config"": {""criterion"": ""entropy"", ""max_features"": 0.7856483459688899, ""max_leaves"": 4, ""n_estimators"": 12}, ""estimator"": ""rf"", ""n_splits"": 3}}",592769.0,592770,900.0,XLearnerWrapper.estimate_ate
22877.29304933508,-3547.872716683646,-13823.197265625,10275.324548941353,0.7433392110004973,10426.957875556465,,5439.6438579917885,X-learner,psid,6,cpu,2732.849334347062,2706.7945236447267,"{""outcome_0"": {""config"": {""max_features"": 0.9527659498137088, ""max_leaves"": 19, ""n_estimators"": 98}, ""estimator"": ""extra_tree"", ""n_splits"": 3}, ""outcome_1"": {""config"": {""colsample_bylevel"": 1.0, ""colsample_bytree"": 1.0, ""learning_rate"": 0.3519635863891544, ""max_leaves"": 4, ""min_child_weight"": 0.2333957581735632, ""n_estimators"": 4, ""reg_alpha"": 0.008282865740399022, ""reg_lambda"": 0.13267650928986188, ""subsample"": 0.9171587793196962}, ""estimator"": ""xgboost"", ""n_splits"": 3}, ""propensity"": {""config"": {""C"": 0.2284432924804057}, ""estimator"": ""lrl2"", ""n_splits"": 3}}","{""outcome_0"": {""config"": {""max_features"": 1.0, ""max_leaves"": 21, ""n_estimators"": 164}, ""estimator"": ""extra_tree"", ""n_splits"": 3}, ""outcome_1"": {""config"": {""colsample_bylevel"": 0.8465919127803387, ""colsample_bytree"": 0.882511079218995, ""learning_rate"": 0.32910235373590796, ""max_leaves"": 9, ""min_child_weight"": 3.147081664246133, ""n_estimators"": 4, ""reg_alpha"": 0.01019961517362433, ""reg_lambda"": 10.459138027232488, ""subsample"": 0.8004284181479142}, ""estimator"": ""xgboost"", ""n_splits"": 3}, ""propensity"": {""config"": {""C"": 0.5000000000000001}, ""estimator"": ""lrl2"", ""n_splits"": 3}}",592779.0,592780,900.0,XLearnerWrapper.estimate_ate
20075.460870277144,532.430154816776,-13007.2373046875,13539.667459504277,1.0409333774985785,8788.15808092836,,5413.561347558163,X-learner,psid,7,cpu,2704.590157931205,2708.971189626958,"{""outcome_0"": {""config"": {""max_features"": 0.9177873744248903, ""max_leaves"": 14, ""n_estimators"": 22}, ""estimator"": ""extra_tree"", ""n_splits"": 3}, ""outcome_1"": {""config"": {""colsample_bylevel"": 0.6682266180439455, ""colsample_bytree"": 0.880814465216777, ""learning_rate"": 0.08135773488783392, ""max_leaves"": 4, ""min_child_weight"": 5.391708598194789, ""n_estimators"": 5, ""reg_alpha"": 0.0009765625, ""reg_lambda"": 4.891223776693157, ""subsample"": 0.9661106209889765}, ""estimator"": ""xgboost"", ""n_splits"": 3}, ""propensity"": {""config"": {""criterion"": ""gini"", ""max_features"": 1.0, ""max_leaves"": 15, ""n_estimators"": 109}, ""estimator"": ""extra_tree"", ""n_splits"": 3}}","{""outcome_0"": {""config"": {""max_features"": 0.9657032350789208, ""max_leaves"": 23, ""n_estimators"": 34}, ""estimator"": ""extra_tree"", ""n_splits"": 3}, ""outcome_1"": {""config"": {""colsample_bytree"": 0.7224113427268665, ""learning_rate"": 0.07885767922149699, ""log_max_bin"": 7, ""min_child_samples"": 38, ""n_estimators"": 4, ""num_leaves"": 18, ""reg_alpha"": 0.0009765625, ""reg_lambda"": 38.09607698932367}, ""estimator"": ""lgbm"", ""n_splits"": 3}, ""propensity"": {""config"": {""colsample_bylevel"": 0.950038922565729, ""colsample_bytree"": 1.0, ""learning_rate"": 0.37631932174072785, ""max_leaves"": 16, ""min_child_weight"": 11.282604711379207, ""n_estimators"": 9, ""reg_alpha"": 0.012144106546835598, ""reg_lambda"": 0.07130113887777302, ""subsample"": 0.6533979183472639}, ""estimator"": ""xgboost"", ""n_splits"": 3}}",592789.0,592790,900.0,XLearnerWrapper.estimate_ate
19943.844262106082,-585.7174669569864,-13258.607421875,12672.889954918013,0.9558236058788355,10390.012791516176,,5436.636230163276,X-learner,psid,8,cpu,2702.051968866028,2734.5842612972483,"{""outcome_0"": {""config"": {""max_features"": 1.0, ""max_leaves"": 20, ""n_estimators"": 548}, ""estimator"": ""extra_tree"", ""n_splits"": 3}, ""outcome_1"": {""config"": {""max_features"": 0.8762361590998838, ""max_leaves"": 6, ""n_estimators"": 5}, ""estimator"": ""extra_tree"", ""n_splits"": 3}, ""propensity"": {""config"": {""criterion"": ""entropy"", ""max_features"": 0.9950745225496092, ""max_leaves"": 13, ""n_estimators"": 16}, ""estimator"": ""extra_tree"", ""n_splits"": 3}}","{""outcome_0"": {""config"": {""max_features"": 1.0, ""max_leaves"": 25, ""n_estimators"": 165}, ""estimator"": ""extra_tree"", ""n_splits"": 3}, ""outcome_1"": {""config"": {""colsample_bylevel"": 0.643549876873944, ""colsample_bytree"": 0.8268597876519034, ""learning_rate"": 0.2478442442008268, ""max_depth"": 6, ""min_child_weight"": 0.6298887519310765, ""n_estimators"": 10, ""reg_alpha"": 0.13119782407292369, ""reg_lambda"": 154.26101509163757, ""subsample"": 0.6063172582949503}, ""estimator"": ""xgb_limitdepth"", ""n_splits"": 3}, ""propensity"": {""config"": {""C"": 32768.0}, ""estimator"": ""lrl2"", ""n_splits"": 3}}",592799.0,592800,900.0,XLearnerWrapper.estimate_ate
22479.95918355129,-3179.937669061156,-13162.4794921875,9982.541823126343,0.7584089174873038,12481.618720748753,,5487.827223190572,X-learner,psid,9,cpu,2752.745498167351,2735.081725023221,"{""outcome_0"": {""config"": {""colsample_bytree"": 0.8337836812088786, ""learning_rate"": 0.1537682947636419, ""log_max_bin"": 10, ""min_child_samples"": 4, ""n_estimators"": 49, ""num_leaves"": 4, ""reg_alpha"": 0.004577823970660193, ""reg_lambda"": 7.558736003647245}, ""estimator"": ""lgbm"", ""n_splits"": 3}, ""outcome_1"": {""config"": {""colsample_bylevel"": 0.6051784131764933, ""colsample_bytree"": 0.6148107825792053, ""learning_rate"": 0.5380501603756015, ""max_leaves"": 11, ""min_child_weight"": 43.070897587898095, ""n_estimators"": 10, ""reg_alpha"": 0.003482195036687996, ""reg_lambda"": 38.9228920311479, ""subsample"": 0.7820061513612687}, ""estimator"": ""xgboost"", ""n_splits"": 3}, ""propensity"": {""config"": {""C"": 3.9999999999999987}, ""estimator"": ""lrl2"", ""n_splits"": 3}}","{""outcome_0"": {""config"": {""max_features"": 0.7432758080606515, ""max_leaves"": 46, ""n_estimators"": 23}, ""estimator"": ""extra_tree"", ""n_splits"": 3}, ""outcome_1"": {""config"": {""max_features"": 0.22470447631758936, ""max_leaves"": 8, ""n_estimators"": 20}, ""estimator"": ""extra_tree"", ""n_splits"": 3}, ""propensity"": {""config"": {""colsample_bytree"": 0.7555872387514959, ""learning_rate"": 0.03706671500895848, ""log_max_bin"": 7, ""min_child_samples"": 6, ""n_estimators"": 62, ""num_leaves"": 7, ""reg_alpha"": 0.0009765625, ""reg_lambda"": 1.1173489832999344}, ""estimator"": ""lgbm"", ""n_splits"": 3}}",592809.0,592810,900.0,XLearnerWrapper.estimate_ate
11268.857089794095,-2572.4455926617447,-6977.12744140625,4404.681848744505,0.6313030521125786,5536.500158686573,,3628.3446383727714,Debiased ML,cps,0,cpu,1822.3144032717682,1806.0302351010032,"{""outcome"": {""config"": {""colsample_bylevel"": 1.0, ""colsample_bytree"": 0.9013070887791416, ""learning_rate"": 0.24978664138402903, ""max_leaves"": 8, ""min_child_weight"": 30.26493249468933, ""n_estimators"": 20, ""reg_alpha"": 0.0009765625, ""reg_lambda"": 0.04230186176403896, ""subsample"": 1.0}, ""estimator"": ""xgboost"", ""n_splits"": 3}, ""treatment"": {""config"": {""criterion"": ""entropy"", ""max_features"": 0.5514130168678547, ""max_leaves"": 27, ""n_estimators"": 31}, ""estimator"": ""extra_tree"", ""n_splits"": 3}}","{""outcome"": {""config"": {""max_features"": 0.5024331864960906, ""max_leaves"": 134, ""n_estimators"": 984}, ""estimator"": ""extra_tree"", ""n_splits"": 3}, ""treatment"": {""config"": {""criterion"": ""entropy"", ""max_features"": 0.41725401576424215, ""max_leaves"": 18, ""n_estimators"": 9}, ""estimator"": ""extra_tree"", ""n_splits"": 3}}",682719.0,682720,900.0,DebiasedMLWrapper.estimate_ate
10313.747329607124,-12628.617180670473,-7082.3935546875,5546.223625982973,0.7831001741359545,-4002.254678854615,,3617.4373877774924,Debiased ML,cps,1,cpu,1806.1639379388653,1811.2734498386271,"{""outcome"": {""config"": {""max_features"": 0.6015384151335281, ""max_leaves"": 93, ""n_estimators"": 299}, ""estimator"": ""rf"", ""n_splits"": 3}, ""treatment"": {""config"": {""criterion"": ""entropy"", ""max_features"": 0.8295511070476471, ""max_leaves"": 35, ""n_estimators"": 19}, ""estimator"": ""extra_tree"", ""n_splits"": 3}}","{""outcome"": {""config"": {""max_features"": 0.5926452554407825, ""max_leaves"": 232, ""n_estimators"": 427}, ""estimator"": ""extra_tree"", ""n_splits"": 3}, ""treatment"": {""config"": {""criterion"": ""entropy"", ""max_features"": 0.3963913681137885, ""max_leaves"": 18, ""n_estimators"": 911}, ""estimator"": ""rf"", ""n_splits"": 3}}",682729.0,682730,900.0,DebiasedMLWrapper.estimate_ate
12265.188435855545,-4638.459447336221,-7037.5419921875,2399.0825448512787,0.3408977946435181,6276.081401707105,,3616.5331008327194,Debiased ML,cps,2,cpu,1809.2789624258876,1807.2541384068318,"{""outcome"": {""config"": {""max_features"": 0.6662480124130863, ""max_leaves"": 154, ""n_estimators"": 784}, ""estimator"": ""extra_tree"", ""n_splits"": 3}, ""treatment"": {""config"": {""criterion"": ""entropy"", ""max_features"": 0.3962459148397433, ""max_leaves"": 54, ""n_estimators"": 32}, ""estimator"": ""extra_tree"", ""n_splits"": 3}}","{""outcome"": {""config"": {""max_features"": 0.6015384151335281, ""max_leaves"": 98, ""n_estimators"": 299}, ""estimator"": ""rf"", ""n_splits"": 3}, ""treatment"": {""config"": {""C"": 64.00000000000004}, ""estimator"": ""lrl2"", ""n_splits"": 3}}",682739.0,682740,900.0,DebiasedMLWrapper.estimate_ate
9264.463168671677,-4537.6406304196225,-7032.99267578125,2495.3520453616275,0.35480657529348086,2352.5681712135247,,3618.617227390874,Debiased ML,cps,3,cpu,1809.3723491947167,1809.2448781961575,"{""outcome"": {""config"": {""max_features"": 0.5982004535065816, ""max_leaves"": 143, ""n_estimators"": 957}, ""estimator"": ""rf"", ""n_splits"": 3}, ""treatment"": {""config"": {""criterion"": ""entropy"", ""max_features"": 0.5245711600956218, ""max_leaves"": 42, ""n_estimators"": 86}, ""estimator"": ""extra_tree"", ""n_splits"": 3}}","{""outcome"": {""config"": {""max_features"": 0.5144751945608572, ""max_leaves"": 55, ""n_estimators"": 509}, ""estimator"": ""rf"", ""n_splits"": 3}, ""treatment"": {""config"": {""criterion"": ""entropy"", ""max_features"": 0.6313748359783419, ""max_leaves"": 42, ""n_estimators"": 14}, ""estimator"": ""extra_tree"", ""n_splits"": 3}}",682749.0,682750,900.0,DebiasedMLWrapper.estimate_ate
10020.302930348736,-3249.4297965107817,-7018.77880859375,3769.3490120829683,0.5370377262013771,3252.414682942798,,3609.2436656896025,Debiased ML,cps,4,cpu,1806.5053837229498,1802.7382819666527,"{""outcome"": {""config"": {""max_features"": 0.539324527557212, ""max_leaves"": 166, ""n_estimators"": 674}, ""estimator"": ""extra_tree"", ""n_splits"": 3}, ""treatment"": {""config"": {""criterion"": ""entropy"", ""max_features"": 0.3096712059338648, ""max_leaves"": 96, ""n_estimators"": 19}, ""estimator"": ""extra_tree"", ""n_splits"": 3}}","{""outcome"": {""config"": {""max_features"": 0.5020617655577133, ""max_leaves"": 127, ""n_estimators"": 60}, ""estimator"": ""extra_tree"", ""n_splits"": 3}, ""treatment"": {""config"": {""criterion"": ""gini"", ""max_features"": 0.30727335513771115, ""max_leaves"": 210, ""n_estimators"": 67}, ""estimator"": ""extra_tree"", ""n_splits"": 3}}",682759.0,682760,900.0,DebiasedMLWrapper.estimate_ate
9583.785204271824,-5911.431098035086,-7084.69677734375,1173.2656793086644,0.16560563086609592,-548.9294968971658,,3605.105091609992,Debiased ML,cps,5,cpu,1802.8759589907713,1802.2291326192208,"{""outcome"": {""config"": {""max_features"": 0.7249142256033312, ""max_leaves"": 82, ""n_estimators"": 166}, ""estimator"": ""extra_tree"", ""n_splits"": 3}, ""treatment"": {""config"": {""criterion"": ""entropy"", ""max_features"": 0.4708379362520064, ""max_leaves"": 39, ""n_estimators"": 6}, ""estimator"": ""extra_tree"", ""n_splits"": 3}}","{""outcome"": {""config"": {""max_features"": 0.6496960102798781, ""max_leaves"": 107, ""n_estimators"": 65}, ""estimator"": ""extra_tree"", ""n_splits"": 3}, ""treatment"": {""config"": {""C"": 3.3807874406027794}, ""estimator"": ""lrl2"", ""n_splits"": 3}}",682769.0,682770,900.0,DebiasedMLWrapper.estimate_ate
9262.143695551564,-6331.316910292478,-7150.3271484375,819.0102381450224,0.11454164559769106,97.26183873643392,,3630.6966920997947,Debiased ML,cps,6,cpu,1819.7449411218986,1810.9517509778962,"{""outcome"": {""config"": {""max_features"": 0.8562769606624967, ""max_leaves"": 70, ""n_estimators"": 271}, ""estimator"": ""extra_tree"", ""n_splits"": 3}, ""treatment"": {""config"": {""colsample_bytree"": 0.6676595655283906, ""learning_rate"": 0.055963631006850124, ""log_max_bin"": 10, ""min_child_samples"": 19, ""n_estimators"": 37, ""num_leaves"": 4, ""reg_alpha"": 0.0009765625, ""reg_lambda"": 0.06992945768794141}, ""estimator"": ""lgbm"", ""n_splits"": 3}}","{""outcome"": {""config"": {""max_features"": 0.5802586122663714, ""max_leaves"": 91, ""n_estimators"": 796}, ""estimator"": ""rf"", ""n_splits"": 3}, ""treatment"": {""config"": {""criterion"": ""entropy"", ""max_features"": 0.35766417869926376, ""max_leaves"": 19, ""n_estimators"": 35}, ""estimator"": ""rf"", ""n_splits"": 3}}",682779.0,682780,900.0,DebiasedMLWrapper.estimate_ate
8953.453285002493,-7819.46832748244,-7098.8935546875,720.5747727949401,0.10150522292563739,-371.71998560060234,,3627.2595470561646,Debiased ML,cps,7,cpu,1824.982669080142,1802.2768779760227,"{""outcome"": {""config"": {""colsample_bylevel"": 1.0, ""colsample_bytree"": 0.8474451618903777, ""learning_rate"": 0.24978664138402903, ""max_leaves"": 8, ""min_child_weight"": 9.541722391099645, ""n_estimators"": 20, ""reg_alpha"": 0.0009765625, ""reg_lambda"": 0.09657442127465199, ""subsample"": 1.0}, ""estimator"": ""xgboost"", ""n_splits"": 3}, ""treatment"": {""config"": {""criterion"": ""entropy"", ""max_features"": 0.41306660368820575, ""max_leaves"": 29, ""n_estimators"": 9}, ""estimator"": ""extra_tree"", ""n_splits"": 3}}","{""outcome"": {""config"": {""max_features"": 0.7346322673145224, ""max_leaves"": 114, ""n_estimators"": 53}, ""estimator"": ""extra_tree"", ""n_splits"": 3}, ""treatment"": {""config"": {""criterion"": ""entropy"", ""max_features"": 0.40265243934976996, ""max_leaves"": 88, ""n_estimators"": 76}, ""estimator"": ""extra_tree"", ""n_splits"": 3}}",682789.0,682790,900.0,DebiasedMLWrapper.estimate_ate
9025.935930621627,-6916.583918606436,-7091.86376953125,175.27985092481413,0.02471562576788646,1768.3484240701084,,3629.184178034775,Debiased ML,cps,8,cpu,1805.2757714497857,1823.9084065849893,"{""outcome"": {""config"": {""max_features"": 0.6127288932121268, ""max_leaves"": 154, ""n_estimators"": 911}, ""estimator"": ""extra_tree"", ""n_splits"": 3}, ""treatment"": {""config"": {""criterion"": ""entropy"", ""max_features"": 0.3581865224852331, ""max_leaves"": 50, ""n_estimators"": 14}, ""estimator"": ""extra_tree"", ""n_splits"": 3}}","{""outcome"": {""config"": {""max_features"": 0.5214340088662707, ""max_leaves"": 188, ""n_estimators"": 478}, ""estimator"": ""extra_tree"", ""n_splits"": 3}, ""treatment"": {""config"": {""colsample_bytree"": 1.0, ""learning_rate"": 0.17262265446323355, ""log_max_bin"": 6, ""min_child_samples"": 14, ""n_estimators"": 48, ""num_leaves"": 4, ""reg_alpha"": 0.002899072033187631, ""reg_lambda"": 18.34693890423442}, ""estimator"": ""lgbm"", ""n_splits"": 3}}",682799.0,682800,900.0,DebiasedMLWrapper.estimate_ate
9628.153218597734,-9534.051578990746,-6980.4052734375,2553.646305553246,0.3658306653435961,-3126.751077252943,,3799.524716451764,Debiased ML,cps,9,cpu,1810.4416246628389,1989.0830917889252,"{""outcome"": {""config"": {""max_features"": 0.5256011233068322, ""max_leaves"": 154, ""n_estimators"": 41}, ""estimator"": ""extra_tree"", ""n_splits"": 3}, ""treatment"": {""config"": {""colsample_bylevel"": 0.5605529377920466, ""colsample_bytree"": 0.7427790665802441, ""learning_rate"": 0.5265191136663325, ""max_leaves"": 7, ""min_child_weight"": 5.50275537647984, ""n_estimators"": 12, ""reg_alpha"": 0.0017607866203119683, ""reg_lambda"": 3.9305540478113747, ""subsample"": 0.9833384410269449}, ""estimator"": ""xgboost"", ""n_splits"": 3}}","{""outcome"": {""config"": {""max_features"": 0.6132309157766299, ""max_leaves"": 167, ""n_estimators"": 503}, ""estimator"": ""extra_tree"", ""n_splits"": 3}, ""treatment"": {""config"": {""colsample_bylevel"": 0.512492191566492, ""colsample_bytree"": 0.8237508436731331, ""learning_rate"": 0.06990646864627655, ""max_leaves"": 91, ""min_child_weight"": 4.294004458441133, ""n_estimators"": 83, ""reg_alpha"": 0.001908269199465285, ""reg_lambda"": 0.4739395908496986, ""subsample"": 0.7874122982429567}, ""estimator"": ""xgboost"", ""n_splits"": 3}}",682809.0,682810,900.0,DebiasedMLWrapper.estimate_ate
13562.448863941312,-14879.350049592758,-13856.3720703125,1022.9779792802583,0.0738272596960114,133.40263372392798,,3621.3167292070575,Debiased ML,psid,0,cpu,1816.449374478776,1804.8673547282815,"{""outcome"": {""config"": {""max_features"": 0.9507527799851897, ""max_leaves"": 24, ""n_estimators"": 305}, ""estimator"": ""extra_tree"", ""n_splits"": 3}, ""treatment"": {""config"": {""colsample_bylevel"": 1.0, ""colsample_bytree"": 0.987965389046275, ""learning_rate"": 0.2552385897808022, ""max_leaves"": 4, ""min_child_weight"": 14.055128957940484, ""n_estimators"": 29, ""reg_alpha"": 0.006535953249353212, ""reg_lambda"": 0.08825858949737411, ""subsample"": 0.8770564294677118}, ""estimator"": ""xgboost"", ""n_splits"": 3}}","{""outcome"": {""config"": {""max_features"": 1.0, ""max_leaves"": 24, ""n_estimators"": 906}, ""estimator"": ""extra_tree"", ""n_splits"": 3}, ""treatment"": {""config"": {""criterion"": ""entropy"", ""max_features"": 0.5241197685368935, ""max_leaves"": 5, ""n_estimators"": 10}, ""estimator"": ""rf"", ""n_splits"": 3}}",692719.0,692720,900.0,DebiasedMLWrapper.estimate_ate
13166.628289108736,-9127.093125118541,-13811.56640625,4684.473281131459,0.33917031155917643,3629.4848528762363,,3643.965524474159,Debiased ML,psid,1,cpu,1803.1609388990328,1840.804585575126,"{""outcome"": {""config"": {""max_features"": 0.9878896873735297, ""max_leaves"": 22, ""n_estimators"": 38}, ""estimator"": ""extra_tree"", ""n_splits"": 3}, ""treatment"": {""config"": {""C"": 0.49887927363976353}, ""estimator"": ""lrl1"", ""n_splits"": 3}}","{""outcome"": {""config"": {""max_features"": 0.8821913931126594, ""max_leaves"": 28, ""n_estimators"": 350}, ""estimator"": ""extra_tree"", ""n_splits"": 3}, ""treatment"": {""config"": {""C"": 161.3945811917896}, ""estimator"": ""lrl2"", ""n_splits"": 3}}",692729.0,692730,900.0,DebiasedMLWrapper.estimate_ate
13473.044638339597,-12905.636614986595,-13880.02734375,974.3907287634047,0.07020092285347394,-1848.8003528651907,,3606.6205030693673,Debiased ML,psid,2,cpu,1804.4973617731594,1802.123141296208,"{""outcome"": {""config"": {""max_features"": 1.0, ""max_leaves"": 21, ""n_estimators"": 166}, ""estimator"": ""extra_tree"", ""n_splits"": 3}, ""treatment"": {""config"": {""criterion"": ""gini"", ""max_features"": 1.0, ""max_leaves"": 27, ""n_estimators"": 203}, ""estimator"": ""extra_tree"", ""n_splits"": 3}}","{""outcome"": {""config"": {""max_features"": 1.0, ""max_leaves"": 19, ""n_estimators"": 29}, ""estimator"": ""extra_tree"", ""n_splits"": 3}, ""treatment"": {""config"": {""C"": 0.032274474389918525}, ""estimator"": ""lrl1"", ""n_splits"": 3}}",692739.0,692740,900.0,DebiasedMLWrapper.estimate_ate
12135.684938674924,-11405.908128621906,-13422.94140625,2017.0332776280939,0.1502676065238144,2441.286961797458,,3603.133172298316,Debiased ML,psid,3,cpu,1802.4816676946357,1800.6515046036802,"{""outcome"": {""config"": {""max_features"": 1.0, ""max_leaves"": 18, ""n_estimators"": 180}, ""estimator"": ""extra_tree"", ""n_splits"": 3}, ""treatment"": {""config"": {""C"": 1.0}, ""estimator"": ""lrl1"", ""n_splits"": 3}}","{""outcome"": {""config"": {""max_features"": 0.8599675868119157, ""max_leaves"": 31, ""n_estimators"": 10}, ""estimator"": ""extra_tree"", ""n_splits"": 3}, ""treatment"": {""config"": {""C"": 3.9999999999999987}, ""estimator"": ""lrl2"", ""n_splits"": 3}}",692749.0,692750,900.0,DebiasedMLWrapper.estimate_ate
15518.308824136977,-15130.606227440867,-13357.1513671875,1773.4548602533669,0.13277193703206944,-496.7887970653932,,3611.0613829446957,Debiased ML,psid,4,cpu,1804.3934365366586,1806.667946408037,"{""outcome"": {""config"": {""max_features"": 1.0, ""max_leaves"": 17, ""n_estimators"": 417}, ""estimator"": ""extra_tree"", ""n_splits"": 3}, ""treatment"": {""config"": {""criterion"": ""entropy"", ""max_features"": 0.5310406360110435, ""max_leaves"": 4, ""n_estimators"": 23}, ""estimator"": ""rf"", ""n_splits"": 3}}","{""outcome"": {""config"": {""max_features"": 1.0, ""max_leaves"": 19, ""n_estimators"": 69}, ""estimator"": ""extra_tree"", ""n_splits"": 3}, ""treatment"": {""config"": {""criterion"": ""entropy"", ""max_features"": 0.8823799127513431, ""max_leaves"": 4, ""n_estimators"": 504}, ""estimator"": ""rf"", ""n_splits"": 3}}",692759.0,692760,900.0,DebiasedMLWrapper.estimate_ate
23793.338447877308,-1301.5047767074361,-12922.82421875,11621.319442042564,0.8992863514441334,15996.288367652181,,3647.531392749399,Debiased ML,psid,5,cpu,1840.2557399072684,1807.2756528421305,"{""outcome"": {""config"": {""max_features"": 1.0, ""max_leaves"": 22, ""n_estimators"": 2035}, ""estimator"": ""extra_tree"", ""n_splits"": 3}, ""treatment"": {""config"": {""C"": 29.835943310114764}, ""estimator"": ""lrl2"", ""n_splits"": 3}}","{""outcome"": {""config"": {""max_features"": 1.0, ""max_leaves"": 26, ""n_estimators"": 956}, ""estimator"": ""extra_tree"", ""n_splits"": 3}, ""treatment"": {""config"": {""criterion"": ""entropy"", ""max_features"": 0.7856483459688899, ""max_leaves"": 4, ""n_estimators"": 12}, ""estimator"": ""rf"", ""n_splits"": 3}}",692769.0,692770,900.0,DebiasedMLWrapper.estimate_ate
17148.12161950059,-8842.124072517494,-13823.197265625,4981.073193107506,0.360341612536388,6091.476289058799,,3641.1245213854127,Debiased ML,psid,6,cpu,1838.6362646236084,1802.4882567618042,"{""outcome"": {""config"": {""max_features"": 1.0, ""max_leaves"": 22, ""n_estimators"": 202}, ""estimator"": ""extra_tree"", ""n_splits"": 3}, ""treatment"": {""config"": {""C"": 0.2284432924804057}, ""estimator"": ""lrl2"", ""n_splits"": 3}}","{""outcome"": {""config"": {""max_features"": 0.897624339169054, ""max_leaves"": 20, ""n_estimators"": 210}, ""estimator"": ""extra_tree"", ""n_splits"": 3}, ""treatment"": {""config"": {""C"": 1.0}, ""estimator"": ""lrl1"", ""n_splits"": 3}}",692779.0,692780,900.0,DebiasedMLWrapper.estimate_ate
16177.792060852644,-12465.54565132912,-13007.2373046875,541.6916533583808,0.041645404067684036,1278.0299084222138,,3617.818232127931,Debiased ML,psid,7,cpu,1803.6765762027353,1814.1416559251957,"{""outcome"": {""config"": {""max_features"": 1.0, ""max_leaves"": 14, ""n_estimators"": 206}, ""estimator"": ""extra_tree"", ""n_splits"": 3}, ""treatment"": {""config"": {""C"": 0.10997496836929456}, ""estimator"": ""lrl1"", ""n_splits"": 3}}","{""outcome"": {""config"": {""max_features"": 1.0, ""max_leaves"": 15, ""n_estimators"": 2047}, ""estimator"": ""extra_tree"", ""n_splits"": 3}, ""treatment"": {""config"": {""colsample_bylevel"": 0.950038922565729, ""colsample_bytree"": 1.0, ""learning_rate"": 0.37631932174072785, ""max_leaves"": 16, ""min_child_weight"": 11.282604711379207, ""n_estimators"": 9, ""reg_alpha"": 0.012144106546835598, ""reg_lambda"": 0.07130113887777302, ""subsample"": 0.6533979183472639}, ""estimator"": ""xgboost"", ""n_splits"": 3}}",692789.0,692790,900.0,DebiasedMLWrapper.estimate_ate
13568.805462124968,-8971.828171787784,-13258.607421875,4286.7792500872165,0.3233204750456181,3899.948832953154,,3603.2624294371344,Debiased ML,psid,8,cpu,1801.9656881699339,1801.2967412672006,"{""outcome"": {""config"": {""max_features"": 0.8795188006402871, ""max_leaves"": 21, ""n_estimators"": 86}, ""estimator"": ""extra_tree"", ""n_splits"": 3}, ""treatment"": {""config"": {""criterion"": ""entropy"", ""max_features"": 0.9950745225496092, ""max_leaves"": 13, ""n_estimators"": 16}, ""estimator"": ""extra_tree"", ""n_splits"": 3}}","{""outcome"": {""config"": {""max_features"": 0.8876958359861775, ""max_leaves"": 27, ""n_estimators"": 92}, ""estimator"": ""extra_tree"", ""n_splits"": 3}, ""treatment"": {""config"": {""C"": 32768.0}, ""estimator"": ""lrl2"", ""n_splits"": 3}}",692799.0,692800,900.0,DebiasedMLWrapper.estimate_ate
15996.821082664595,-20116.930626718608,-13162.4794921875,6954.4511345311075,0.5283541857484824,-5304.965217647268,,3672.809805005323,Debiased ML,psid,9,cpu,1824.140650710091,1848.6691542952321,"{""outcome"": {""config"": {""max_features"": 0.9024495228111036, ""max_leaves"": 24, ""n_estimators"": 342}, ""estimator"": ""extra_tree"", ""n_splits"": 3}, ""treatment"": {""config"": {""C"": 3.9999999999999987}, ""estimator"": ""lrl2"", ""n_splits"": 3}}","{""outcome"": {""config"": {""max_features"": 1.0, ""max_leaves"": 19, ""n_estimators"": 232}, ""estimator"": ""extra_tree"", ""n_splits"": 3}, ""treatment"": {""config"": {""colsample_bytree"": 0.7555872387514959, ""learning_rate"": 0.03706671500895848, ""log_max_bin"": 7, ""min_child_samples"": 6, ""n_estimators"": 62, ""num_leaves"": 7, ""reg_alpha"": 0.0009765625, ""reg_lambda"": 1.1173489832999344}, ""estimator"": ""lgbm"", ""n_splits"": 3}}",692809.0,692810,900.0,DebiasedMLWrapper.estimate_ate
,-8021.790373580253,-6977.12744140625,1044.662932174003,0.14972679529585206,,,904.1056784605607,IPW,cps,0,cpu,,904.1056784605607,,"{""propensity"": {""config"": {""criterion"": ""entropy"", ""max_features"": 0.41725401576424215, ""max_leaves"": 18, ""n_estimators"": 9}, ""estimator"": ""extra_tree"", ""n_splits"": 3}}",,782720,900.0,IPWWrapper.estimate_ate
,-9384.746852718286,-7082.3935546875,2302.3532980307864,0.32508124269707056,,,942.9550243830308,IPW,cps,1,cpu,,942.9550243830308,,"{""propensity"": {""config"": {""colsample_bytree"": 0.7999514505385492, ""learning_rate"": 0.005430801527601328, ""log_max_bin"": 4, ""min_child_samples"": 7, ""n_estimators"": 41, ""num_leaves"": 15, ""reg_alpha"": 0.001538995396757784, ""reg_lambda"": 0.13079587190913747}, ""estimator"": ""lgbm"", ""n_splits"": 3}}",,782730,900.0,IPWWrapper.estimate_ate
,-8714.00155470527,-7037.5419921875,1676.4595625177699,0.23821663364516407,,,922.5149005460553,IPW,cps,2,cpu,,922.5149005460553,,"{""propensity"": {""config"": {""C"": 0.5632770157015936}, ""estimator"": ""lrl2"", ""n_splits"": 3}}",,782740,900.0,IPWWrapper.estimate_ate
,-8188.987949611393,-7032.99267578125,1155.9952738301427,0.16436747869925614,,,900.2885601287708,IPW,cps,3,cpu,,900.2885601287708,,"{""propensity"": {""config"": {""criterion"": ""entropy"", ""max_features"": 0.6359352113803378, ""max_leaves"": 46, ""n_estimators"": 14}, ""estimator"": ""extra_tree"", ""n_splits"": 3}}",,782750,900.0,IPWWrapper.estimate_ate
,-6967.747099850972,-7018.77880859375,51.03170874277839,0.0072707389895551025,,,901.5104075218551,IPW,cps,4,cpu,,901.5104075218551,,"{""propensity"": {""config"": {""criterion"": ""gini"", ""max_features"": 0.30727335513771115, ""max_leaves"": 210, ""n_estimators"": 67}, ""estimator"": ""extra_tree"", ""n_splits"": 3}}",,782760,900.0,IPWWrapper.estimate_ate
,-8647.252822030398,-7084.69677734375,1562.5560446866475,0.22055369393950092,,,904.1519822189584,IPW,cps,5,cpu,,904.1519822189584,,"{""propensity"": {""config"": {""criterion"": ""entropy"", ""max_features"": 0.7251909692711536, ""max_leaves"": 9, ""n_estimators"": 15}, ""estimator"": ""rf"", ""n_splits"": 3}}",,782770,900.0,IPWWrapper.estimate_ate
,-8229.48464764012,-7150.3271484375,1079.1574992026199,0.15092421322805205,,,904.3608113843948,IPW,cps,6,cpu,,904.3608113843948,,"{""propensity"": {""config"": {""criterion"": ""entropy"", ""max_features"": 0.28169632538719275, ""max_leaves"": 19, ""n_estimators"": 48}, ""estimator"": ""rf"", ""n_splits"": 3}}",,782780,900.0,IPWWrapper.estimate_ate
,-6754.123771282703,-7098.8935546875,344.7697834047967,0.04856669292873883,,,901.6087831459008,IPW,cps,7,cpu,,901.6087831459008,,"{""propensity"": {""config"": {""criterion"": ""entropy"", ""max_features"": 0.40265243934976996, ""max_leaves"": 88, ""n_estimators"": 76}, ""estimator"": ""extra_tree"", ""n_splits"": 3}}",,782790,900.0,IPWWrapper.estimate_ate
,-7992.509316051787,-7091.86376953125,900.6455465205372,0.1269970173974164,,,919.0852934070863,IPW,cps,8,cpu,,919.0852934070863,,"{""propensity"": {""config"": {""colsample_bytree"": 0.9026377604690098, ""learning_rate"": 0.19783208364974791, ""log_max_bin"": 9, ""min_child_samples"": 14, ""n_estimators"": 73, ""num_leaves"": 4, ""reg_alpha"": 0.0009765625, ""reg_lambda"": 58.97875034345109}, ""estimator"": ""lgbm"", ""n_splits"": 3}}",,782800,900.0,IPWWrapper.estimate_ate
,-7262.816517038392,-6980.4052734375,282.4112436008918,0.04045771449333254,,,901.401825232897,IPW,cps,9,cpu,,901.401825232897,,"{""propensity"": {""config"": {""criterion"": ""entropy"", ""max_features"": 0.643848020225566, ""max_leaves"": 37, ""n_estimators"": 7}, ""estimator"": ""extra_tree"", ""n_splits"": 3}}",,782810,900.0,IPWWrapper.estimate_ate
,-14184.17614636742,-13856.3720703125,327.8040760549193,0.023657280158996898,,,900.1528139421716,IPW,psid,0,cpu,,900.1528139421716,,"{""propensity"": {""config"": {""criterion"": ""entropy"", ""max_features"": 0.5241197685368935, ""max_leaves"": 5, ""n_estimators"": 10}, ""estimator"": ""rf"", ""n_splits"": 3}}",,792720,900.0,IPWWrapper.estimate_ate
,-9859.6142578125,-13811.56640625,3951.9521484375,0.2861335225993124,,,900.2616733224131,IPW,psid,1,cpu,,900.2616733224131,,"{""propensity"": {""config"": {""C"": 1.0}, ""estimator"": ""lrl1"", ""n_splits"": 3}}",,792730,900.0,IPWWrapper.estimate_ate
,-14328.610646048111,-13880.02734375,448.58330229811145,0.03231861805371584,,,901.1463587060571,IPW,psid,2,cpu,,901.1463587060571,,"{""propensity"": {""config"": {""criterion"": ""entropy"", ""max_features"": 1.0, ""max_leaves"": 8, ""n_estimators"": 137}, ""estimator"": ""extra_tree"", ""n_splits"": 3}}",,792740,900.0,IPWWrapper.estimate_ate
,-13865.75066503014,-13422.94140625,442.8092587801402,0.032988988432418334,,,900.117160144262,IPW,psid,3,cpu,,900.117160144262,,"{""propensity"": {""config"": {""C"": 3.173664150356631}, ""estimator"": ""lrl2"", ""n_splits"": 3}}",,792750,900.0,IPWWrapper.estimate_ate
,-12560.74609375,-13357.1513671875,796.4052734375,0.05962388622721702,,,900.2480507609434,IPW,psid,4,cpu,,900.2480507609434,,"{""propensity"": {""config"": {""C"": 1.0}, ""estimator"": ""lrl1"", ""n_splits"": 3}}",,792760,900.0,IPWWrapper.estimate_ate
,-11804.475054621831,-12922.82421875,1118.349164128169,0.08654061567321072,,,900.1766245448962,IPW,psid,5,cpu,,900.1766245448962,,"{""propensity"": {""config"": {""criterion"": ""entropy"", ""max_features"": 0.8171453000840141, ""max_leaves"": 4, ""n_estimators"": 9}, ""estimator"": ""rf"", ""n_splits"": 3}}",,792770,900.0,IPWWrapper.estimate_ate
,-12506.355455674842,-13823.197265625,1316.8418099501578,0.09526318583500773,,,901.9856179025955,IPW,psid,6,cpu,,901.9856179025955,,"{""propensity"": {""config"": {""C"": 0.03125}, ""estimator"": ""lrl2"", ""n_splits"": 3}}",,792780,900.0,IPWWrapper.estimate_ate
,-13703.111328125,-13007.2373046875,695.8740234375,0.05349898730502814,,,907.8022122047842,IPW,psid,7,cpu,,907.8022122047842,,"{""propensity"": {""config"": {""colsample_bylevel"": 0.950038922565729, ""colsample_bytree"": 1.0, ""learning_rate"": 0.37631932174072785, ""max_leaves"": 16, ""min_child_weight"": 11.282604711379207, ""n_estimators"": 9, ""reg_alpha"": 0.012144106546835598, ""reg_lambda"": 0.07130113887777302, ""subsample"": 0.6533979183472639}, ""estimator"": ""xgboost"", ""n_splits"": 3}}",,792790,900.0,IPWWrapper.estimate_ate
,-12615.511236659368,-13258.607421875,643.0961852156324,0.048504052103852266,,,929.7567056412809,IPW,psid,8,cpu,,929.7567056412809,,"{""propensity"": {""config"": {""C"": 0.6289163194944738}, ""estimator"": ""lrl2"", ""n_splits"": 3}}",,792800,900.0,IPWWrapper.estimate_ate
,-14388.798844548939,-13162.4794921875,1226.319352361439,0.09316780725762049,,,933.7112873517908,IPW,psid,9,cpu,,933.7112873517908,,"{""propensity"": {""config"": {""colsample_bytree"": 0.7555872387514959, ""learning_rate"": 0.03706671500895848, ""log_max_bin"": 7, ""min_child_samples"": 6, ""n_estimators"": 62, ""num_leaves"": 7, ""reg_alpha"": 0.0009765625, ""reg_lambda"": 1.1173489832999344}, ""estimator"": ""lgbm"", ""n_splits"": 3}}",,792810,900.0,IPWWrapper.estimate_ate
13362.006024861985,-273.44037064064435,-6977.1279296875,6703.687559046855,0.9608090358374008,7148.438548821141,,3714.5168785955757,DR (Doubly Robust),cps,0,cpu,1881.501491213683,1833.0153873818927,"{""outcome"": {""config"": {""colsample_bylevel"": 1.0, ""colsample_bytree"": 0.8474451618903777, ""learning_rate"": 0.24978664138402903, ""max_leaves"": 8, ""min_child_weight"": 9.541722391099645, ""n_estimators"": 20, ""reg_alpha"": 0.0009765625, ""reg_lambda"": 0.09657442127465199, ""subsample"": 1.0}, ""estimator"": ""xgboost"", ""n_splits"": 3}, ""propensity"": {""config"": {""criterion"": ""entropy"", ""max_features"": 0.6587650092983285, ""max_leaves"": 22, ""n_estimators"": 37}, ""estimator"": ""extra_tree"", ""n_splits"": 3}}","{""outcome"": {""config"": {""max_features"": 0.5024331864960906, ""max_leaves"": 134, ""n_estimators"": 984}, ""estimator"": ""extra_tree"", ""n_splits"": 3}, ""propensity"": {""config"": {""criterion"": ""entropy"", ""max_features"": 0.41725401576424215, ""max_leaves"": 18, ""n_estimators"": 9}, ""estimator"": ""extra_tree"", ""n_splits"": 3}}",82720,82721,900.0,DRWrapper.estimate_ate
12412.688911191563,-562.7337088964282,-7082.3935546875,6519.659845791071,0.9205446993928786,6310.398200024928,,3905.4803173029795,DR (Doubly Robust),cps,1,cpu,1964.1891510309651,1941.2911662720144,"{""outcome"": {""config"": {""max_features"": 0.5784692695191818, ""max_leaves"": 188, ""n_estimators"": 236}, ""estimator"": ""extra_tree"", ""n_splits"": 3}, ""propensity"": {""config"": {""colsample_bytree"": 0.7999514505385492, ""learning_rate"": 0.005430801527601328, ""log_max_bin"": 4, ""min_child_samples"": 7, ""n_estimators"": 41, ""num_leaves"": 14, ""reg_alpha"": 0.001538995396757784, ""reg_lambda"": 0.13079587190913747}, ""estimator"": ""lgbm"", ""n_splits"": 3}}","{""outcome"": {""config"": {""max_features"": 0.5926452554407825, ""max_leaves"": 232, ""n_estimators"": 427}, ""estimator"": ""extra_tree"", ""n_splits"": 3}, ""propensity"": {""config"": {""criterion"": ""entropy"", ""max_features"": 0.3963913681137885, ""max_leaves"": 18, ""n_estimators"": 911}, ""estimator"": ""rf"", ""n_splits"": 3}}",82730,82731,900.0,DRWrapper.estimate_ate
12968.797133439577,-241.81644906463438,-7037.5419921875,6795.725543122866,0.9656390754978464,6810.456472933734,,3712.071660414338,DR (Doubly Robust),cps,2,cpu,1854.8105610772036,1857.2610993371345,"{""outcome"": {""config"": {""max_features"": 0.5286093810420766, ""max_leaves"": 53, ""n_estimators"": 1760}, ""estimator"": ""rf"", ""n_splits"": 3}, ""propensity"": {""config"": {""criterion"": ""entropy"", ""max_features"": 0.4290285991359249, ""max_leaves"": 15, ""n_estimators"": 65}, ""estimator"": ""rf"", ""n_splits"": 3}}","{""outcome"": {""config"": {""max_features"": 0.6015384151335281, ""max_leaves"": 98, ""n_estimators"": 299}, ""estimator"": ""rf"", ""n_splits"": 3}, ""propensity"": {""config"": {""C"": 64.00000000000004}, ""estimator"": ""lrl2"", ""n_splits"": 3}}",82740,82741,900.0,DRWrapper.estimate_ate
12856.129656789482,28.295089133343982,-7032.9931640625,7061.288253195844,1.0040231930364851,7032.463266756611,,3651.460208607372,DR (Doubly Robust),cps,3,cpu,1828.937595918309,1822.522612689063,"{""outcome"": {""config"": {""max_features"": 0.6692360751868515, ""max_leaves"": 102, ""n_estimators"": 219}, ""estimator"": ""extra_tree"", ""n_splits"": 3}, ""propensity"": {""config"": {""criterion"": ""entropy"", ""max_features"": 0.6195190495431651, ""max_leaves"": 56, ""n_estimators"": 718}, ""estimator"": ""extra_tree"", ""n_splits"": 3}}","{""outcome"": {""config"": {""max_features"": 0.5144751945608572, ""max_leaves"": 55, ""n_estimators"": 509}, ""estimator"": ""rf"", ""n_splits"": 3}, ""propensity"": {""config"": {""criterion"": ""entropy"", ""max_features"": 0.6359352113803378, ""max_leaves"": 46, ""n_estimators"": 14}, ""estimator"": ""extra_tree"", ""n_splits"": 3}}",82750,82751,900.0,DRWrapper.estimate_ate
12775.087880024226,-1412.0150270481697,-7018.77880859375,5606.76378154558,0.798823261772077,6371.413874332262,,3691.197273686994,DR (Doubly Robust),cps,4,cpu,1871.6289962609299,1819.568277426064,"{""outcome"": {""config"": {""max_features"": 0.5052670149318662, ""max_leaves"": 175, ""n_estimators"": 1290}, ""estimator"": ""extra_tree"", ""n_splits"": 3}, ""propensity"": {""config"": {""colsample_bytree"": 0.5695665800109022, ""learning_rate"": 0.05850618274888138, ""log_max_bin"": 10, ""min_child_samples"": 11, ""n_estimators"": 44, ""num_leaves"": 4, ""reg_alpha"": 0.0009765625, ""reg_lambda"": 0.004449273020130269}, ""estimator"": ""lgbm"", ""n_splits"": 3}}","{""outcome"": {""config"": {""max_features"": 0.5474905345551603, ""max_leaves"": 119, ""n_estimators"": 44}, ""estimator"": ""extra_tree"", ""n_splits"": 3}, ""propensity"": {""config"": {""criterion"": ""gini"", ""max_features"": 0.30727335513771115, ""max_leaves"": 210, ""n_estimators"": 67}, ""estimator"": ""extra_tree"", ""n_splits"": 3}}",82760,82761,900.0,DRWrapper.estimate_ate
13125.783876046777,901.4549140468592,-7084.69677734375,7986.151691390609,1.127239731263921,6267.825175211367,,3753.8142677783035,DR (Doubly Robust),cps,5,cpu,1859.8645803411491,1893.9496874371544,"{""outcome"": {""config"": {""colsample_bylevel"": 1.0, ""colsample_bytree"": 0.9013070887791416, ""learning_rate"": 0.24978664138402903, ""max_leaves"": 8, ""min_child_weight"": 30.26493249468933, ""n_estimators"": 20, ""reg_alpha"": 0.0009765625, ""reg_lambda"": 0.04230186176403896, ""subsample"": 1.0}, ""estimator"": ""xgboost"", ""n_splits"": 3}, ""propensity"": {""config"": {""criterion"": ""entropy"", ""max_features"": 0.44526587624495156, ""max_leaves"": 15, ""n_estimators"": 57}, ""estimator"": ""rf"", ""n_splits"": 3}}","{""outcome"": {""config"": {""max_features"": 0.7499432012029064, ""max_leaves"": 86, ""n_estimators"": 75}, ""estimator"": ""extra_tree"", ""n_splits"": 3}, ""propensity"": {""config"": {""C"": 3.3807874406027794}, ""estimator"": ""lrl2"", ""n_splits"": 3}}",82770,82771,900.0,DRWrapper.estimate_ate
13994.486731186253,-2955.1714455874885,-7150.32666015625,4195.155214568762,0.5867081902620687,3950.8931017670557,,3636.023459258955,DR (Doubly Robust),cps,6,cpu,1814.8266608691774,1821.1967983897775,"{""outcome"": {""config"": {""max_features"": 0.6753807147769174, ""max_leaves"": 88, ""n_estimators"": 109}, ""estimator"": ""extra_tree"", ""n_splits"": 3}, ""propensity"": {""config"": {""criterion"": ""entropy"", ""max_features"": 0.6183197034846369, ""max_leaves"": 8, ""n_estimators"": 11}, ""estimator"": ""rf"", ""n_splits"": 3}}","{""outcome"": {""config"": {""max_features"": 0.7665324386537284, ""max_leaves"": 90, ""n_estimators"": 213}, ""estimator"": ""extra_tree"", ""n_splits"": 3}, ""propensity"": {""config"": {""criterion"": ""entropy"", ""max_features"": 0.35766417869926376, ""max_leaves"": 19, ""n_estimators"": 35}, ""estimator"": ""rf"", ""n_splits"": 3}}",82780,82781,900.0,DRWrapper.estimate_ate
13003.073918452199,-867.9977433291831,-7098.892578125,6230.894834795817,0.8777277253056812,6618.305379449124,,3638.08546020044,DR (Doubly Robust),cps,7,cpu,1819.68410369521,1818.40135650523,"{""outcome"": {""config"": {""max_features"": 0.6303702125819268, ""max_leaves"": 109, ""n_estimators"": 371}, ""estimator"": ""extra_tree"", ""n_splits"": 3}, ""propensity"": {""config"": {""criterion"": ""gini"", ""max_features"": 0.49189147397902916, ""max_leaves"": 46, ""n_estimators"": 17}, ""estimator"": ""extra_tree"", ""n_splits"": 3}}","{""outcome"": {""config"": {""max_features"": 0.6375338393156418, ""max_leaves"": 166, ""n_estimators"": 77}, ""estimator"": ""extra_tree"", ""n_splits"": 3}, ""propensity"": {""config"": {""criterion"": ""entropy"", ""max_features"": 0.40265243934976996, ""max_leaves"": 88, ""n_estimators"": 76}, ""estimator"": ""extra_tree"", ""n_splits"": 3}}",82790,82791,900.0,DRWrapper.estimate_ate
14859.513672920579,-2129.8964467999654,-7091.86328125,4961.966834450035,0.6996704022145857,4930.175032767399,,3791.380821955856,DR (Doubly Robust),cps,8,cpu,1929.2062168931589,1862.174605062697,"{""outcome"": {""config"": {""colsample_bylevel"": 0.8182737361783602, ""colsample_bytree"": 0.8031986460435498, ""learning_rate"": 0.1115271479445595, ""max_leaves"": 11, ""min_child_weight"": 25.455890941029228, ""n_estimators"": 32, ""reg_alpha"": 0.0028713182433880735, ""reg_lambda"": 0.08662120786561324, ""subsample"": 1.0}, ""estimator"": ""xgboost"", ""n_splits"": 3}, ""propensity"": {""config"": {""colsample_bytree"": 0.9680973621277097, ""learning_rate"": 0.27434847756295067, ""log_max_bin"": 7, ""min_child_samples"": 18, ""n_estimators"": 26, ""num_leaves"": 4, ""reg_alpha"": 0.19321783163515646, ""reg_lambda"": 8.070362704475729}, ""estimator"": ""lgbm"", ""n_splits"": 3}}","{""outcome"": {""config"": {""max_features"": 0.5214340088662707, ""max_leaves"": 188, ""n_estimators"": 478}, ""estimator"": ""extra_tree"", ""n_splits"": 3}, ""propensity"": {""config"": {""colsample_bytree"": 1.0, ""learning_rate"": 0.17262265446323355, ""log_max_bin"": 6, ""min_child_samples"": 14, ""n_estimators"": 48, ""num_leaves"": 4, ""reg_alpha"": 0.002899072033187631, ""reg_lambda"": 18.34693890423442}, ""estimator"": ""lgbm"", ""n_splits"": 3}}",82800,82801,900.0,DRWrapper.estimate_ate
15116.90730132534,-261.1344866747012,-6980.4052734375,6719.270786762799,0.9625903545059166,8369.914273001797,,3994.836569433566,DR (Doubly Robust),cps,9,cpu,1821.2494225064293,2173.587146927137,"{""outcome"": {""config"": {""max_features"": 0.6913796003373721, ""max_leaves"": 101, ""n_estimators"": 194}, ""estimator"": ""extra_tree"", ""n_splits"": 3}, ""propensity"": {""config"": {""criterion"": ""entropy"", ""max_features"": 0.3846439916706526, ""max_leaves"": 50, ""n_estimators"": 6}, ""estimator"": ""extra_tree"", ""n_splits"": 3}}","{""outcome"": {""config"": {""max_features"": 0.6132309157766299, ""max_leaves"": 167, ""n_estimators"": 503}, ""estimator"": ""extra_tree"", ""n_splits"": 3}, ""propensity"": {""config"": {""colsample_bylevel"": 0.512492191566492, ""colsample_bytree"": 0.8237508436731331, ""learning_rate"": 0.06990646864627655, ""max_leaves"": 91, ""min_child_weight"": 4.294004458441133, ""n_estimators"": 83, ""reg_alpha"": 0.001908269199465285, ""reg_lambda"": 0.4739395908496986, ""subsample"": 0.7874122982429567}, ""estimator"": ""xgboost"", ""n_splits"": 3}}",82810,82811,900.0,DRWrapper.estimate_ate
18404.78099236259,-6820.187965997201,-13856.3720703125,7036.184104315299,0.5077941086314619,7703.477905871263,,3620.3975974209607,DR (Doubly Robust),psid,0,cpu,1809.207538336981,1811.1900590839796,"{""outcome"": {""config"": {""max_features"": 0.7692999047585909, ""max_leaves"": 31, ""n_estimators"": 7}, ""estimator"": ""extra_tree"", ""n_splits"": 3}, ""propensity"": {""config"": {""criterion"": ""entropy"", ""max_features"": 0.7010595205233195, ""max_leaves"": 35, ""n_estimators"": 70}, ""estimator"": ""extra_tree"", ""n_splits"": 3}}","{""outcome"": {""config"": {""max_features"": 1.0, ""max_leaves"": 23, ""n_estimators"": 695}, ""estimator"": ""extra_tree"", ""n_splits"": 3}, ""propensity"": {""config"": {""criterion"": ""entropy"", ""max_features"": 0.5241197685368935, ""max_leaves"": 5, ""n_estimators"": 10}, ""estimator"": ""rf"", ""n_splits"": 3}}",92720,92721,900.0,DRWrapper.estimate_ate
22575.37157690699,-6035.310790782696,-13811.56640625,7776.255615467304,0.5630248870209803,12042.6809898775,,3693.209750812035,DR (Doubly Robust),psid,1,cpu,1814.3215455850586,1878.8882052269764,"{""outcome"": {""config"": {""max_features"": 1.0, ""max_leaves"": 25, ""n_estimators"": 49}, ""estimator"": ""extra_tree"", ""n_splits"": 3}, ""propensity"": {""config"": {""colsample_bylevel"": 1.0, ""colsample_bytree"": 0.9237363690405089, ""learning_rate"": 0.39791180563123907, ""max_leaves"": 4, ""min_child_weight"": 16.706836197982465, ""n_estimators"": 8, ""reg_alpha"": 0.006535953249353212, ""reg_lambda"": 0.11214652070845604, ""subsample"": 0.94353743444674}, ""estimator"": ""xgboost"", ""n_splits"": 3}}","{""outcome"": {""config"": {""max_features"": 0.8821913931126594, ""max_leaves"": 28, ""n_estimators"": 350}, ""estimator"": ""extra_tree"", ""n_splits"": 3}, ""propensity"": {""config"": {""C"": 161.3945811917896}, ""estimator"": ""lrl2"", ""n_splits"": 3}}",92730,92731,900.0,DRWrapper.estimate_ate
31397.002683687857,-4102.506201384803,-13880.02734375,9777.521142365196,0.704430971222895,-210.53269175629117,,3616.07595263049,DR (Doubly Robust),psid,2,cpu,1809.5713902707212,1806.504562359769,"{""outcome"": {""config"": {""max_features"": 1.0, ""max_leaves"": 26, ""n_estimators"": 67}, ""estimator"": ""extra_tree"", ""n_splits"": 3}, ""propensity"": {""config"": {""criterion"": ""entropy"", ""max_features"": 0.7020067141294766, ""max_leaves"": 5, ""n_estimators"": 10}, ""estimator"": ""rf"", ""n_splits"": 3}}","{""outcome"": {""config"": {""max_features"": 1.0, ""max_leaves"": 19, ""n_estimators"": 27}, ""estimator"": ""extra_tree"", ""n_splits"": 3}, ""propensity"": {""config"": {""C"": 0.032274474389918525}, ""estimator"": ""lrl1"", ""n_splits"": 3}}",92740,92741,900.0,DRWrapper.estimate_ate
23252.07040063971,-8482.89060522073,-13422.94140625,4940.050801029271,0.3680304228047513,3945.835157123964,,3609.113825936336,DR (Doubly Robust),psid,3,cpu,1805.3974921242334,1803.7163338121027,"{""outcome"": {""config"": {""max_features"": 1.0, ""max_leaves"": 18, ""n_estimators"": 116}, ""estimator"": ""extra_tree"", ""n_splits"": 3}, ""propensity"": {""config"": {""C"": 3.9999999999999987}, ""estimator"": ""lrl2"", ""n_splits"": 3}}","{""outcome"": {""config"": {""max_features"": 0.8702064548881504, ""max_leaves"": 31, ""n_estimators"": 10}, ""estimator"": ""extra_tree"", ""n_splits"": 3}, ""propensity"": {""config"": {""C"": 3.9999999999999987}, ""estimator"": ""lrl2"", ""n_splits"": 3}}",92750,92751,900.0,DRWrapper.estimate_ate
24139.88528325968,-3382.1019869769184,-13357.1513671875,9975.049380210581,0.7467946649693072,12449.30549094926,,3628.8180646146648,DR (Doubly Robust),psid,4,cpu,1814.2585984016769,1814.559466212988,"{""outcome"": {""config"": {""max_features"": 1.0, ""max_leaves"": 19, ""n_estimators"": 106}, ""estimator"": ""extra_tree"", ""n_splits"": 3}, ""propensity"": {""config"": {""colsample_bylevel"": 1.0, ""colsample_bytree"": 1.0, ""learning_rate"": 0.5229545131365557, ""max_depth"": 6, ""min_child_weight"": 35.58076464913507, ""n_estimators"": 12, ""reg_alpha"": 0.0009765625, ""reg_lambda"": 97.1515831856642, ""subsample"": 1.0}, ""estimator"": ""xgb_limitdepth"", ""n_splits"": 3}}","{""outcome"": {""config"": {""max_features"": 1.0, ""max_leaves"": 19, ""n_estimators"": 119}, ""estimator"": ""extra_tree"", ""n_splits"": 3}, ""propensity"": {""config"": {""criterion"": ""entropy"", ""max_features"": 0.8823799127513431, ""max_leaves"": 4, ""n_estimators"": 504}, ""estimator"": ""rf"", ""n_splits"": 3}}",92760,92761,900.0,DRWrapper.estimate_ate
21819.848050574044,-974.5445555918992,-12922.82421875,11948.2796631581,0.9245873394929291,13138.25570295462,,3628.280997250229,DR (Doubly Robust),psid,5,cpu,1806.561472824309,1821.71952442592,"{""outcome"": {""config"": {""max_features"": 0.878311314631996, ""max_leaves"": 25, ""n_estimators"": 94}, ""estimator"": ""extra_tree"", ""n_splits"": 3}, ""propensity"": {""config"": {""C"": 0.24999999999999997}, ""estimator"": ""lrl2"", ""n_splits"": 3}}","{""outcome"": {""config"": {""max_features"": 1.0, ""max_leaves"": 24, ""n_estimators"": 2047}, ""estimator"": ""extra_tree"", ""n_splits"": 3}, ""propensity"": {""config"": {""criterion"": ""entropy"", ""max_features"": 0.7856483459688899, ""max_leaves"": 4, ""n_estimators"": 12}, ""estimator"": ""rf"", ""n_splits"": 3}}",92770,92771,900.0,DRWrapper.estimate_ate
18690.83608510901,-6491.72898642258,-13823.197265625,7331.46827920242,0.5303742787082067,9618.775825557424,,3611.989792014938,DR (Doubly Robust),psid,6,cpu,1805.7474021441303,1806.2423898708075,"{""outcome"": {""config"": {""max_features"": 1.0, ""max_leaves"": 26, ""n_estimators"": 145}, ""estimator"": ""extra_tree"", ""n_splits"": 3}, ""propensity"": {""config"": {""criterion"": ""entropy"", ""max_features"": 0.5137528901391767, ""max_leaves"": 4, ""n_estimators"": 18}, ""estimator"": ""rf"", ""n_splits"": 3}}","{""outcome"": {""config"": {""max_features"": 0.9899489165924351, ""max_leaves"": 17, ""n_estimators"": 243}, ""estimator"": ""extra_tree"", ""n_splits"": 3}, ""propensity"": {""config"": {""C"": 1.0}, ""estimator"": ""lrl1"", ""n_splits"": 3}}",92780,92781,900.0,DRWrapper.estimate_ate
37744.06184830262,-4578.304356398921,-13007.2373046875,8428.932948288579,0.6480186953492815,-13413.112850929374,,3646.226466658525,DR (Doubly Robust),psid,7,cpu,1811.9482713299803,1834.2781953285448,"{""outcome"": {""config"": {""max_features"": 1.0, ""max_leaves"": 18, ""n_estimators"": 1357}, ""estimator"": ""extra_tree"", ""n_splits"": 3}, ""propensity"": {""config"": {""C"": 0.24999999999999997}, ""estimator"": ""lrl1"", ""n_splits"": 3}}","{""outcome"": {""config"": {""max_features"": 1.0, ""max_leaves"": 16, ""n_estimators"": 1760}, ""estimator"": ""extra_tree"", ""n_splits"": 3}, ""propensity"": {""config"": {""colsample_bylevel"": 0.950038922565729, ""colsample_bytree"": 1.0, ""learning_rate"": 0.37631932174072785, ""max_leaves"": 16, ""min_child_weight"": 11.282604711379207, ""n_estimators"": 9, ""reg_alpha"": 0.012144106546835598, ""reg_lambda"": 0.07130113887777302, ""subsample"": 0.6533979183472639}, ""estimator"": ""xgboost"", ""n_splits"": 3}}",92790,92791,900.0,DRWrapper.estimate_ate
21828.433095907814,-3844.1902693548736,-13258.607421875,9414.417152520127,0.7100607818721932,11072.741602965256,,3765.827524095308,DR (Doubly Robust),psid,8,cpu,1890.8768180096522,1874.9507060856558,"{""outcome"": {""config"": {""max_features"": 1.0, ""max_leaves"": 20, ""n_estimators"": 1798}, ""estimator"": ""extra_tree"", ""n_splits"": 3}, ""propensity"": {""config"": {""C"": 0.9681508620459146}, ""estimator"": ""lrl2"", ""n_splits"": 3}}","{""outcome"": {""config"": {""max_features"": 0.8876958359861775, ""max_leaves"": 27, ""n_estimators"": 92}, ""estimator"": ""extra_tree"", ""n_splits"": 3}, ""propensity"": {""config"": {""C"": 32768.0}, ""estimator"": ""lrl2"", ""n_splits"": 3}}",92800,92801,900.0,DRWrapper.estimate_ate
21019.622810452598,-3759.1494389273903,-13162.4794921875,9403.33005326011,0.7144041560584575,8215.279419075197,,3756.5624623890035,DR (Doubly Robust),psid,9,cpu,1864.9015342369676,1891.660928152036,"{""outcome"": {""config"": {""colsample_bytree"": 0.8337836812088786, ""learning_rate"": 0.1537682947636419, ""log_max_bin"": 10, ""min_child_samples"": 4, ""n_estimators"": 59, ""num_leaves"": 4, ""reg_alpha"": 0.004577823970660193, ""reg_lambda"": 7.558736003647245}, ""estimator"": ""lgbm"", ""n_splits"": 3}, ""propensity"": {""config"": {""colsample_bytree"": 0.7847472991035338, ""learning_rate"": 0.33566575489123646, ""log_max_bin"": 10, ""min_child_samples"": 10, ""n_estimators"": 22, ""num_leaves"": 4, ""reg_alpha"": 0.0015564673105246884, ""reg_lambda"": 0.010319543449248111}, ""estimator"": ""lgbm"", ""n_splits"": 3}}","{""outcome"": {""config"": {""max_features"": 1.0, ""max_leaves"": 19, ""n_estimators"": 232}, ""estimator"": ""extra_tree"", ""n_splits"": 3}, ""propensity"": {""config"": {""colsample_bytree"": 0.7555872387514959, ""learning_rate"": 0.03706671500895848, ""log_max_bin"": 7, ""min_child_samples"": 6, ""n_estimators"": 62, ""num_leaves"": 7, ""reg_alpha"": 0.0009765625, ""reg_lambda"": 1.1173489832999344}, ""estimator"": ""lgbm"", ""n_splits"": 3}}",92810,92811,900.0,DRWrapper.estimate_ate
